LON.G,LAT,SETC.ENS,ESTABELECI,TELEFONE,CNES,LEITOS
-46.744310,-23.644189,355030846000285,M'BOI MIRIM - SUVIS,55127667,2027496,0
-46.647454,-23.568781,355030890000205,PASTEUR - INSTITUTO,32880088,2032759,0
-46.727993,-23.590298,355030894000082,MEDSERV UNID DE DIALISE,35024001,2048116,0
-46.647963,-23.547616,355030826000137,CLEMENTE FERREIRA DIV TISIOLOGIA-INSTITUTO,2587644,2057220,0
-46.665779,-23.581709,355030832000067,HOSP SAO JORGE - SERV NEFROLOGICOS,38877007,2058545,0
-46.636637,-23.531887,355030809000013,TABACO/ALCOOL/OUT DROGAS - CAPS,2273871,2068915,0
-46.653852,-23.561245,355030807000080,ITAPEVA-CAPS ADULTO LUIZ R. CERQUEIRA,2892585,2068923,0
-46.697386,-23.564196,355030862000074,"VICTOR MELLO,DR - CS I - CONS RUA ATIV/CS I (PINHEIROS)",30318407,2068966,0
-46.624901,-23.555872,355030814000043,NGA 63  VARZEA DO CARMO-PAM,2790700,2068974,0
-46.654078,-23.561088,355030807000080,CENTRO - AE,2830005,2068982,0
-46.625264,-23.556159,355030814000043,CENTRO DE DERMATOLOGIA SANITARIA,32588174,2069024,0
-46.677191,-23.551303,355030845000168,FUNDACAO ONCOCENTRO DE SAO PAULO-CE,30898755,2069601,0
-46.645012,-23.652993,355030838000337,CCI - CENTRO DE CONTROLE DE INTOXICACOES,80077137,2081970,0
-46.666612,-23.654965,355030822000185,CIDADE ADEMAR/SANTO AMARO - SUVIS,55636520,2086786,0
-46.643650,-23.598972,355030890000148,LAB AFIP,50815028,2089025,0
-46.642156,-23.597767,355030890000148,INSTITUTO DE ONCOLOGIA PEDIATRICA (GRAACC) -HOSP,50808400,2089696,45
-46.644886,-23.569132,355030807000055,GAN GRUPO DE APOIO NEFROLOGICO,32840276,2090155,0
-46.673086,-23.552949,355030845000171,GERALDO H P DE SOUZA - CS II - CONS RUA ATIV/CS II,30851134,2091321,0
-46.716265,-23.568005,355030812000025,"SAMUEL BANSLEY PESSOA,DR,EXP BUTANTA-CS – ESF",30813269,2091348,0
-46.716309,-23.567978,355030812000025,VITAL BRASIL-HOSP,37267222,2091356,11
-46.668483,-23.554927,355030845000171,ADOLFO LUTZ - INSTITUTO,30857022,2091364,0
-46.591970,-23.538342,355030808000003,NUCLEO DE GESTAO ASSISTENCIAL NGA 08 BELEM-PAM,66949230,2091518,0
-46.625037,-23.597117,355030890000090,NUCLEO DE GESTAO ASSISTENCIAL NGA 39 SANTA CRUZ-PAM,55703389,2091526,0
-46.598278,-23.530564,355030808000018,MARIA ZELIA - AMBULATORIO DE ESPECIALIDADES,2913003,2091542,0
-46.578430,-23.536531,355030880000104,CNTT CLINICA NEFROLOGICA,20984418,2091569,0
-46.660088,-23.596834,355030832000002,LAR ESCOLA SAO FRANCISCO,59048000,2091631,0
-46.736069,-23.666232,355030846000045,SDI/HOSPITAL-DIA DA REDE HORA CERTA - M'BOI MIRIM I,58947251,2091658,0
-46.715338,-23.650088,355030871000065,SANTO AMARO- LABORATORIO,55487967,2091674,0
-46.765883,-23.631052,355030817000009,SDIJARDIM PIRAJUSSARA,,2091682,0
-46.750982,-23.622646,355030817000137,JD UMARIZAL-C REABIL  FUNDACAO FAC MED USP,58417414,2091690,0
-46.446384,-23.509494,355030887000107,S MIGUEL PAULISTA-LABORATORIO  II,61537257,2091771,0
-46.445253,-23.490746,355030874000112,INSTITUTO PAULISTA GERI E GERONT JOSE MORAES - IPGG,50879911,2092344,0
-46.648846,-23.593107,355030890000223,FUND SAO PAULO - DERDIC,55499488,2688530,0
-46.583321,-23.465749,355030839000004,DOM PEDRO II -HOSP GERIATRICO,62414411,2688581,0
-46.743410,-23.565411,355030867000216,BUTANTA - SUVIS,37682489,2752395,0
-46.653878,-23.491001,355030821000026,CASA VERDE/CACHOEIRINHA - SUVIS,62392907,2752409,0
-46.757642,-23.639709,355030817000111,CAMPO LIMPO/CAPAO REDONDO - SUVIS,58148995,2752417,0
-46.472507,-23.499140,355030828000052,ERMELINO MATARAZZO - SUVIS,29439944,2752433,0
-46.608056,-23.587763,355030834000009,IPIRANGA/SACOMA - SUVIS,62154268,2752468,0
-46.394108,-23.505485,355030836000063,ITAIM PAULISTA/CURUCA - SUVIS,65667747,2752476,0
-46.627859,-23.550525,355030878000003,SE/SANTA CECILIA - SUVIS,,2752492,0
-46.582361,-23.581804,355030893000064,VILA PRUDENTE SAPOPEMBA - SUVIS,,2766027,0
-46.392103,-23.486013,355030844000154,UBS JARDIM ROMANO,,2787733,0
-46.646722,-23.698200,355030858000238,UBS PARQUE DOROTEIA,,2788292,0
-46.432853,-23.551447,355030837000019,ITAQUERA - SUVIS,,2815478,0
-46.735542,-23.813863,355030855000134,PARELHEIROS - SUVIS,59266528,2815494,0
-46.520765,-23.518219,355030859000001,PENHA - SUVIS,,2815508,0
-46.728597,-23.484511,355030863000001,PIRITURA/PERUS - SUVIS,39718283,2815524,0
-46.626933,-23.513381,355030870000058,SANTANA - SUVIS,,2815540,0
-46.700909,-23.720399,355030823000021,SOCORRO - SUVIS,56678800,2815559,0
-46.606489,-23.520847,355030886000042,VILA MARIA - SUVIS,69052687,2815567,0
-46.622776,-23.597020,355030890000089,VILA MARIANA - SUVIS,,2815575,0
-46.412358,-23.543324,355030831000035,GUAIANASES - SUVIS,65532833,3019926,0
-46.543663,-23.534172,355030891000128,HOME DIALYSIS,22259500,3064174,0
-46.468015,-23.598707,355030873000074,SAO MATEUS - SUVIS,61131139,3094197,0
-46.598099,-23.551437,355030853000057,AACD MOOCA,,3117030,0
-46.602413,-23.521236,355030886000042,ABADS - ASSOCIACAO BRASILEIRA DE ASSISTENCIA DESENVOLVIMENTO SOCIAL,29053048,3210022,0
-46.686772,-23.534717,355030860000062,LAPA-CEO,38627139,3257797,0
-46.550021,-23.526200,355030859000135,PENHA - CAPS ad,22935008,3304566,0
-46.757485,-23.648006,355030846000278,SAD/ SUPERVISAO TECNICA DE SAUDE CAMPO LIMPO,,3317102,0
-46.673182,-23.653882,355030822000234,SUPERVISAO TECNICA DE SAUDE - S.AMARO/ C.ADEMAR,,3317110,0
-46.736741,-23.820232,355030855000218,SUPERVISAO TECNICA DE SAUDE - PARELHEIROS,,3317153,0
-46.533151,-23.551694,355030820000012,SUPERVISAO TECNICA DE SAUDE ARICANDUVA/MOOCA,,3318206,0
-46.743381,-23.565389,355030867000216,PAI/ SUPERVISAO TECNICA DE SAUDE BUTANTA,,3335070,0
-46.666775,-23.507701,355030821000092,SUPERVISAO TECNICA DE SAUDE - CACHOEIRINHA,,3335127,0
-46.415540,-23.566660,355030825000333,SUPERVISAO TECNICA DE SAUDE CIDADE TIRADENTES,,3335143,0
-46.450285,-23.500138,355030887000070,SUPERVISAO TECNICA DE SAUDE - S´┐¢O MIGUEL PAULISTA,,3335151,0
-46.693555,-23.505511,355030829000122,SUPERVISAO TECNICA DE SAUDE FREGUESIA DO O BRASILANDIA,,3335178,0
-46.602081,-23.589979,355030834000016,SUPERVISAO TECNICA DE SAUDE - IPIRANGA,,3335208,0
-46.417100,-23.493520,355030884000104,SUPERVISAO TECNICA DE SAUDE ITAIM PAULISTA,,3335216,0
-46.455667,-23.541052,355030837000048,SUPERVISAO TECNICA DE SAUDE ITAQUERA,,3335224,0
-46.520485,-23.518867,355030859000001,SUPERVISAO TECNICA DE SAUDE - PENHA,,3335275,0
-46.580246,-23.470267,355030839000014,SUPERVISAO TECNICA DE SAUDE SANTANA/JACANA,,3335356,0
-46.719048,-23.485556,355030863000026,SUPERVISAO TECNICA DE SAUDE - PIRITUBA/PERUS,,3335364,0
-46.468006,-23.598784,355030873000074,SUPERVISAO TECNICA DE SAUDE - SAO MATEUS,,3335380,0
-46.591280,-23.500800,355030889000130,SUPERVISAO TECNICA DE SAUDE - VILA MARIA/VILA GUILHERME,,3335410,0
-46.623176,-23.596895,355030890000089,SUPERVISAO TECNICA DE SAUDE VILA MARIANA/JABAQUARA,,3335437,0
-46.395415,-23.596246,355030825000161,CIDADE TIRADENTES - SUVIS,62855011,3355020,0
-46.639767,-23.546303,355030866000003,CENTRO REFERENCIA SAUDE TRABALHADOR-CEREST,32599075,3389790,0
-46.630870,-23.484349,355030870000111,CENTRO DE REFERENCIA DO IDOSO - ZONA NORTE DE SAO PAULO,29729200,3444538,0
-46.686198,-23.674009,355030816000010,CAMPO GRANDE - UBS,56341643,3452689,0
-46.749595,-23.495471,355030895000083,SANTO ELIAS- UBS – NASF,39023551,3469042,0
-46.769257,-23.685234,355030843000155,JD ANGELA - AMA,58315665,3474674,0
-46.627859,-23.550525,355030878000003,CENTRO - UNIDADE DE MEDICINAS TRADICIONAIS,,3475182,0
-46.722018,-23.537043,355030802000062,ALTO DE PINHEIROS- SDI – UBS,30234588,3503488,0
-46.675400,-23.605671,355030835000028,CENESUL CENTRO DE NEFROLOGIA ZONA SUL,38464000,3524086,0
-46.584854,-23.462775,355030839000046,JACANA/TREMEMBE-CECCO,62428791,3548724,0
-46.655725,-23.873605,355030855000302,VERA POTY-UBS,59770022,3561186,0
-46.793942,-23.692723,355030819000213,LUAR DO SERTAO - UBS,58741826,3614948,0
-46.642433,-23.599855,355030877000179,INSTITUTO DA VISAO - V CLEMENTINO,30164080,3651185,0
-46.794300,-23.440514,355030803000007,MORRO DOCE – UBS - NASF,39162059,3651762,0
-46.414817,-23.563786,355030825000237,INACIO DE MONTEIRO- UBS,65563223,3661660,0
-46.734070,-23.654179,355030846000262,NOVO CAMINHO – UBS – NASF,58519026,3661741,0
-46.704872,-23.627913,355030871000070,LAB BIOFAST,51812891,3684865,0
-46.711437,-23.783116,355030855000047,JD IPORA -UBS,59223053,3689247,0
-46.642993,-23.670825,355030822000166,V CLARA - UBS,56236883,3708411,0
-46.734104,-23.441453,355030842000157,CITY JARAGUA - UBS,39284976,3738582,0
-46.737725,-23.488279,355030895000035,PQ MARIA DOMITILA – UBS – NASF,39034825,3738604,0
-46.417847,-23.564540,355030825000239,FAZENDA DO CARMO - UBS,65567600,3738663,0
-46.532173,-23.603574,355030872000135,CASA DO PARTO DE SAPOPEMBA,67020435,3739503,0
-46.785820,-23.728514,355030843000220,V CALU - UBS,,3762831,0
-46.641011,-23.596083,355030890000121,AFIP - VILA CLEMENTINO,,3813517,0
-46.482734,-23.598174,355030873000006,SAO MATEUS -CR PRATICAS MEDICINAIS NATURAIS,61125175,3826872,0
-46.766519,-23.681962,355030843000176,M'BOI MIRIM - CAPS II ADULTO,58335690,3906388,0
-46.739525,-23.404123,355030861000051,PERUS- CECCO,39156100,3934535,0
-46.755627,-23.628223,355030817000055,JD OLINDA – UBS – NASF,58461788,3956946,0
-46.725687,-23.612004,355030883000222,PARAISOPOLIS II - UBS,35019031,3956954,0
-46.704852,-23.770364,355030830000083,CHACARA DO CONDE – UBS – NASF,59386611,3992101,0
-46.661045,-23.685019,355030822000340,UBS SAO JORGE - CIDADE ADEMAR,,3996115,0
-46.419870,-23.478834,355030844000195,UBS JARDIM HELENA,,4049934,0
-46.580240,-23.470275,355030839000014,JACANA/TREMEMBE - SUVIS,62433915,4050339,0
-46.731417,-23.836970,355030855000059,PARELHEIROS - CEO YVETTE VIEGAS,59221881,5012600,0
-46.565873,-23.532816,355030880000026,BANCO DE OLHOS DE SAO PAULO SC - SAO PAULO,20913527,5281482,0
-46.744962,-23.653172,355030846000227,BRASILIA – M'BOI – UBS – NASF,55118717,5313902,0
-46.716228,-23.640745,355030871000066,INST DE NEFROLOGIA DE SAO PAULO,,5550637,0
-46.644375,-23.595438,355030890000165,ASSOCIACAO PAULISTA DE HOMEOPATIA,55710483,5594448,0
-46.710050,-23.729020,355030823000091,CLINEFRO CLINICA NEFROLOGICA,59714545,6207693,0
-46.635025,-23.569479,355030849000052,RENALCARE - NEFROLOGIA,,6213529,0
-46.392800,-23.496430,355030836000069,CLINICA NEFROLOGICA DO ITAIM PAULISTA,27511421,6228194,0
-46.658531,-23.548811,355030826000005,CLINICA DE NEFROLOGIA RENALCLASS,31263900,6233422,0
-46.651656,-23.534958,355030869000020,NEFROLAPA,38654900,6253415,0
-46.677952,-23.493145,355030850000002,SEDIT NORTE NEFROLOGIA DIALISE E TRANSPLANTE LTDA,56276400,6273491,0
-46.708473,-23.674795,355030879000011,SORIM SEDIT SUL NEFROLOGIA DIALISE E TRANSPLANTE LTDA,23486400,6273513,0
-46.699781,-23.710916,355030823000063,SAD/ PAI/ CAPELA DO SOCORRO,,6365825,0
-46.755743,-23.669061,355030846000171,SAD/ ASSISTENCIA DOMICILIAR M BOI MIRIM,,6415431,0
-46.651042,-23.676632,355030822000042,SAD/ UNIDADE DE ASSISTENCIA DOMICILIAR - CIDADE ADEMAR,,6703607,0
-46.671290,-23.655050,355030822000316,SAD/ ASSISTENCIA DOMICILIAR SANTO AMARO,,6873278,0
-46.696838,-23.659600,355030816000098,SERVICO ESTADUAL DE DIAGNOSTICO POR IMAGEM I SEDI I,,6932355,0
-46.568428,-23.508034,355030889000043,UNIDADE COMUNITARIA HOSP NIPO BRASILEIRO,26332536,6936075,0
-46.688077,-23.688341,355030816000038,AACD ZONA SUL,,6962858,0
-46.622368,-23.510889,355030870000053,AACD ZONA NORTE,,6962874,0
-46.633950,-23.523893,355030809000018,COMPLEXO PRATES - CAPS AD,,6964036,0
-46.658344,-23.467293,355030813000028,VILA DIONISIA II – UBS – NASF,22081943,6974511,0
-46.611969,-23.583538,355030834000022,PROMOVE - CENTRO DE PROMOCAO E REABILITACAO EM SAUDE E INTEG,,6984622,0
-46.684432,-23.472919,355030811000037,BRASILANDIA/FO - HORA CERTA,,7019076,0
-46.454548,-23.541376,355030837000048,INSTITUTO DA VISAO - V CARMOSINA,20715614,7096712,0
-46.727222,-23.434719,355030842000179,JD RINCAO – UBS – NASF,39414763,7097778,0
-46.639702,-23.678589,355030822000317,UBS INTEGRAL JARDIM MIRIAM II,56236816,7128940,0
-46.692123,-23.719216,355030823000001,CAPS ADULTO II CAPELA DO SOCORRO,,7165072,0
-46.514591,-23.552649,355030891000041,VILA TALARICO – SAD – UBS INTEGRAL JARDIM MARINGA,22259500,7270941,0
-46.441760,-23.497720,355030874000083,UNIDADE MOVEL - PROJETO CIES - LESTE,8020000,7293194,0
-46.694183,-23.612577,355030835000100,UBS INTEGRAL JARDIM EDITE,43298860,7302541,0
-46.755741,-23.669059,355030846000171,SAE DST/AIDS M BOI MIRIM,,7311176,0
-46.663967,-23.475571,355030813000118,UNIDADE MOVEL PROJETO CIES - NORTE,,7355033,0
-46.639726,-23.699031,355030858000029,UBS JARDIM NOVO PANTANAL - PEDREIRA,,7357761,0
-46.698436,-23.722163,355030823000018,UNIDADE MOVEL - PROJETO CIES - SUL,4827110,7363567,0
-46.780777,-23.734802,355030843000272,M’BOI MIRIM II – SDI - HOSPITAL-DIA DA REDE HORA CERTA,58985900,7378394,0
-46.698555,-23.649570,355030871000011,CEO III ALTO DA BOA VISTA,4737000,7382413,0
-46.636390,-23.543980,355030866000003,UNIDADE MOVEL -HORA CERTA ANHANGABAU,1031900,7385978,0
-46.406454,-23.511806,355030884000075,CER II JARDIM CAMPOS,,7389760,0
-46.494531,-23.598225,355030873000125,CER II TIETE,20171431,7393822,0
-46.567861,-23.495949,355030892000085,UBS JARDIM JULIETA,,7407629,0
-46.748696,-23.649182,355030846000253,UPA CAMPO LIMPO,,7479387,0
-46.773557,-23.635551,355030817000236,CAPS AD III CAMPO LIMPO,,7497857,0
-46.775798,-23.632870,355030817000190,CAPS INFANTIL II CAMPO LIMPO,,7497865,0
-46.641129,-23.595052,355030890000094,AFIP TDN - SP,,7506651,0
-46.727794,-23.434214,355030842000073,CECCO JARAGUA,,7534876,0
-46.652941,-23.656272,355030838000038,UPA VILA SANTA CATARINA,,7638698,0
-46.549650,-23.526480,355030859000117,CER II PENHA,,7641974,0
-46.582230,-23.581870,355030893000064,CER II VILA PRUDENTE,,7641982,0
-46.492463,-23.612127,355030876000172,CER III SAPOPEMBA,,7641990,0
-46.608259,-23.587216,355030834000009,CER IV FLAVIO GIANNOTTI,,7642008,0
-46.440349,-23.496232,355030874000093,CER-IV TITO LOPES,,7642016,0
-46.534388,-23.589285,355030872000071,V HELOISA-UBS,61022347,2026961,0
-46.554629,-23.604588,355030893000124,V CALIFORNIA-UBS ZELIVAL BRUSCAGIN,69171117,2026988,0
-46.430727,-23.542382,355030847000085,JOSE BONIFACIO I-UBS,65578844,2026996,0
-46.720089,-23.531256,355030888000024,LAPA-CAPS INFANTIL,38362690,2027003,0
-46.456475,-23.616439,355030875000062,JD CARRAOZINHO-UBS,67540622,2027011,0
-46.463090,-23.611173,355030873000142,CIDADE SATELITE SANTA BARBARA-UBS,69195857,2027038,0
-46.499798,-23.595329,355030873000180,JD PARAGUACU-UBS GONCALO F. ALVES,67270484,2027046,0
-46.492026,-23.569122,355030824000026,JD MARILIA-UBS,67439526,2027054,0
-46.677598,-23.481970,355030829000128,V RAMOS-UBS FREGUESIA DO O,39240208,2027062,0
-46.486454,-23.544372,355030805000008,"MANUEL DA NOBREGA,PE-UBS",67417296,2027070,0
-46.694171,-23.489709,355030829000013,N SRA DO O-LABORATORIO MUNICIPAL,39750698,2027089,0
-46.608058,-23.587761,355030834000009,REGIAO SUDESTE -LABORATORIO MUNICIPAL,61618379,2027097,0
-46.738973,-23.583954,355030812000118,"CAETANO VIRGILIO NETO,DR – SDI – PS BANDEIRANTES",37316018,2027100,0
-46.703023,-23.476225,355030829000115,FREGUESIA DO O-CECCO,39752893,2027232,0
-46.731959,-23.586132,355030812000104,JD PERI PERI – NIR – NISA – CEO,37420552,2027240,0
-46.703310,-23.651755,355030871000029,SANTO AMARO-CTA DST/AIDS,56869960,2027259,0
-46.774481,-23.665295,355030819000006,SANTO DIAS-CECCO,58212220,2027267,0
-46.609796,-23.448621,355030881000071,V ALBERTINA  DR. OSVALDO MARCAL – UBS – NASF – ESF,62049986,2027275,0
-46.712790,-23.654420,355030871000083,SANTO AMARO-CECCO,55215538,2027283,0
-46.459925,-23.485842,355030887000181,UNIAO VILA NOVA I-UBS,69563837,2027291,0
-46.404329,-23.602665,355030825000208,PROFETA JEREMIAS – UBS – NASF,25583866,2027305,0
-46.550021,-23.526200,355030859000135,PENHA-CENTRO DE REFERENCIA E DST/AIDS,2966926,2027313,0
-46.722349,-23.775572,355030855000001,RECANTO CAMPO BELO – UBS – NASF,59262002,2027321,0
-46.687614,-23.620298,355030835000138,MARIO FRANCISCO NAPOLITANO-UBS  MENINOPOLIS,50961058,2027380,0
-46.654834,-23.590708,355030832000011,PQ IBIRAPUERA-CECCO,55497840,2027402,0
-46.725965,-23.578971,355030812000030,PQ PREVIDENCIA-CECCO,37215521,2027410,0
-46.444631,-23.494526,355030874000103,SAO MIGUEL - SUVIS,62970258,2027429,0
-46.428540,-23.506374,355030884000093,CHICO MENDES-CECCO PQ ECOLOGICO,61353130,2027437,0
-46.484515,-23.548787,355030805000094,"MANUEL DA NOBREGA,PE-CECCO",67489166,2027445,0
-46.709333,-23.712608,355030823000095,INTERLAGOS-CECCO,56667166,2027453,0
-46.720086,-23.531253,355030888000024,PQ DA LAPA-CONS RUA ATIV – RUA EQUIPE – UBS – NASF,38368029,2027461,0
-46.374704,-23.501486,355030836000117,PQ STA AMELIA-CECCO,63692446,2027488,0
-46.735804,-23.501133,355030895000007,S DOMINGOS-CECCO,38353353,2027518,0
-46.383921,-23.510992,355030836000057,JD NELIA – UBS – SDI,69633802,2027526,0
-46.676564,-23.529927,355030860000096,EDUARDO LEITE BACURI-CECCO,38629933,2027534,0
-46.471220,-23.499639,355030828000052,ERMELINO MATARAZZO-CECCO,65465806,2027542,0
-46.575450,-23.545780,355030880000099,"SALOMAO CROCHIK, DR - CER II – APD TATUAPE",,2027607,0
-46.631123,-23.502852,355030870000060,JOAQUIM ANTONIO EIRADO – CEO – CONS RUA ATIVI/UBS – RUA EQUIPE – ESF – PAI – SAD – UBS,69730733,2027631,0
-46.626335,-23.496552,355030870000015,SANTANA - CAPS III INFANTIL,69739434,2027658,0
-46.637221,-23.493950,355030870000067,CHORA MENINO-UBS,69501451,2027666,0
-46.587692,-23.477290,355030882000122,V NIVI – UBS – ESF,22017219,2027674,0
-46.659503,-23.504022,355030821000038,CASA VERDE-UBS,38569908,2027682,0
-46.623105,-23.462448,355030881000093,"MARIQUINHA SCIACIA,D – UBS – SDI",22032489,2027690,0
-46.590132,-23.499486,355030889000131,V MARIA-UBS PAULO GNECCO,62017751,2027720,0
-46.653221,-23.639392,355030815000079,CENTRO ASSISTENCIAL CRUZ DE MALTA,55810944,2028182,0
-46.762165,-23.664866,355030819000089,JD LIDIA-CAPS ADULTO,55139560,2028816,0
-46.763670,-23.662640,355030819000334,RT CAMPO LIMPO I - FEMININO,,202881,0
-46.666458,-23.555885,355030845000171,EMILIO RIBAS (INST DE INFECTOLOGIA)-HOSP/AMB H,30628966,2028840,371
-46.688499,-23.489580,355030829000016,VINTE E UM DE JUNHO-PS (FREGUESIA DO O),39755866,2029189,0
-46.580156,-23.588924,355030893000014,V PRUDENTE-CAPS INFANTIL,63419570,2029596,0
-46.641152,-23.525540,355030809000029,"OCTAVIO AUGUSTO RODOVALHO,DR – NASF – UBS BOM RETIRO",32220619,2029618,0
-46.535911,-23.534594,355030891000113,V MATILDE-CAPS ADULTO,66530944,2029626,0
-46.637988,-23.647430,355030838000092,CIDADE VARGAS-UBS,55884890,2030934,0
-46.643606,-23.664546,355030838000108,AMERICANOPOLIS – UBS – ESF,55621476,2030969,0
-46.678156,-23.529473,355030860000121,NEPHRON ASS. NEFROLOGICA S/C LTDA,36761046,2032228,0
-46.607199,-23.633034,355030868000350,"AUGUSTO G MATOS,DR-PS",69468294,2037971,0
-46.696785,-23.529551,355030848000121,PRO-NEFRON ASSIST MEDICA SC LTDA-SERV DIAG TER,38658319,2039559,0
-46.395525,-23.507804,355030836000100,"ATUALPA GIRAO RABELO,DR-PA",69631436,2040727,0
-46.683984,-23.587310,355030835000059,ITAIM BIBI-CAPS ADULTO,30786886,2040808,0
-46.597303,-23.550412,355030853000057,MOOCA I - CONS RUA ATIVIDADE – RUA EQUIPE – ESF – UBS,62915517,2042258,0
-46.582750,-23.460688,355030839000047,JOSE DE TOLEDO PIZA – PAI – SAD – UBS,62417317,2042541,0
-46.626755,-23.511365,355030870000060,CENTRO DE CONTROLE DE ZOONOSES-SANTANA,62219755,2042738,0
-46.479070,-23.531063,355030805000068,JD NORDESTE-UBS,62806211,2042827,0
-46.597310,-23.550412,355030853000057,MOOCA - CAPS INFANTIL,66944628,2042916,0
-46.646378,-23.627080,355030877000121,VILA MARIANA-CAPS ad,22753432,2042924,0
-46.515914,-23.591570,355030876000082,JD GRIMALDI – SAD – UBS,22168076,2042932,0
-46.592109,-23.596241,355030834000099,"JOAQUIM ROSSINI,DR-UBS",22734602,2042959,0
-46.615556,-23.612160,355030827000030,JD DA SAUDE (NEUSA ROSALIA MORALES) – UBS – ESF,50629586,2042967,0
-46.610979,-23.570025,355030834000109,"OSWALDO MARASCA JUNIOR,DR-UBS",2728619,2042975,0
-46.605600,-23.638072,355030868000113,"EDUARDO R RESCHILIAN,DR – UBS – ESF",63355319,2042983,0
-46.637560,-23.651657,355030838000094,"GERALDO S FERREIRA,DR – UBS – SDI – CEO JABAQUARA",55882366,2042991,0
-46.508823,-23.620781,355030876000240,HUMBERTO GASTAO BODRA-UBS JD. ELBA,67043491,2043009,0
-46.495470,-23.616210,355030876000176,SAPOPEMBA - UBS MASCARENHAS DE MORAIS,69191120,2043017,0
-46.567139,-23.595959,355030893000021,"HERMINIO MOREIRA,DR-UBS V. ALPINA",69170136,2045451,0
-46.400177,-23.494092,355030836000231,ITAIM PAULISTA-UBS DR. JULIO DE GOUVEIA,25619443,2046261,0
-46.685171,-23.532091,355030860000092,LAPA-CRST,38652213,2046377,0
-46.461874,-23.500430,355030887000007,CIDADE PEDRO JOSE NUNES-UBS,62975453,2046962,0
-46.652022,-23.652877,355030838000004,V STA CATARINA – ESF – NASF – UBS,55639814,2046997,0
-46.613876,-23.656814,355030868000218,S SAVERIO( AURELIO MELLONE) – ESF – NASF – UBS,63312131,2047004,0
-46.640709,-23.580300,355030890000075,CLINICA NEFROLOGIA STA RITA-CLINEFRO,55755357,2048078,0
-46.451596,-23.498158,355030887000070,SAO MIGUEL-CLINICA  DE NEFROLOGIA,61372217,2048094,0
-46.641158,-23.640075,355030838000089,NEFROCOR EURO SERVICOS MEDICOS,55753958,2048108,0
-46.671807,-23.527014,355030806000003,CLINICA DE NEFROLOGIA CMIN,38655858,2048302,0
-46.617694,-23.492367,355030870000080,NEFROS SOCIEDADE CIVIL LTDA,69730887,2057077,0
-46.366524,-23.503723,355030836000244,CIDADE KEMEL-UBS,69632346,2057131,0
-46.385211,-23.503315,355030836000001,JD CAMARGO NOVO – UBS – SAD,29632610,2057271,0
-46.545744,-23.595810,355030872000003,PQ S LUCAS – ESF – NASF – UBS,69183595,2057891,0
-46.714676,-23.599130,355030854000067,ALBERT EINSTEIN - HOSP,37471233,2058391,38
-46.653654,-23.596622,355030832000003,SERVIDOR PUBLICO ESTADUAL-HOSP,50888000,2058502,64
-46.659242,-23.566874,355030845000040,CETENE-CLINICA NEFROLOGIA,38849599,2058553,0
-46.415317,-23.491745,355030844000052,JD MAIA – ESF – NASF – UBS,65816962,2062658,0
-46.572780,-23.491857,355030892000053,V SABRINA-UBS CARLOS AUGUSTO AUTRAN,62010284,2063670,0
-46.482620,-23.514689,355030864000063,"CARLOS OLIVALDO DE S LOPES MUNIZ,DR-UBS PONTE RASA",61411744,2064820,0
-46.625849,-23.629857,355030827000061,AGUA FUNDA – ESF – NASF – UBS,50736253,2064855,0
-46.476222,-23.488993,355030828000076,ERMELINO MATARAZZO – SAD - UBS,,2065266,0
-46.701543,-23.706414,355030823000136,INTERLAGOS-HOSP/ MATERN,56660222,2065665,141
-46.589796,-23.580562,355030893000107,SEDIT SERVICOS MEDICOS UNIDD DE DIALISE,61687822,2065673,0
-46.676394,-23.680112,355030816000106,GERAL DE PEDREIRA-HOSP,56135900,2066092,213
-46.593037,-23.607887,355030868000236,HELIOPOLIS-HOSP (UNIDD GESTAO ASSISTENCIAL),2747600,2066572,364
-46.663768,-23.530761,355030806000013,SECONCI-CE,36645073,2067803,0
-46.455110,-23.541150,355030837000048,ITAQUERA - CAPS ADULTO,62050460,2067811,0
-46.629676,-23.461770,355030851000119,HORTO FLORESTAL-UBS,62048421,2068044,0
-46.610494,-23.503837,355030886000033,CARANDIRU – NIR – UBS – URSI,62224144,2068079,0
-46.596522,-23.500446,355030886000020,V LEONOR-UBS,69014606,2068109,0
-46.585248,-23.462153,355030839000046,JACANA/TREMEMBE-CAPS ADULTO DR LEONIDIO GALVAO SANTOS,62423884,2068133,0
-46.643979,-23.548579,355030866000009,CONSOLACAO-AE,32564401,2069008,0
-46.410745,-23.527129,355030896000044,JULIO TUPY-PS,61351821,2069032,0
-46.397488,-23.603105,355030825000299,"GLORIA R S BONFIM,DRA-PA",62820502,2069040,0
-46.477029,-23.610915,355030873000205,S MATEUS-CAPS INFANTIL,61125956,2069059,0
-46.490336,-23.595951,355030873000099,S MATEUS-CAPS ADULTO,69623464,2069148,0
-46.780621,-23.641911,355030817000129,JD MITSUTANI-SAE DST/AIDS,58419020,2069644,0
-46.627104,-23.642785,355030838000198,AGUA FUNDA (DAVI CAPRISTANO DA COSTA FILHO)-HOSP,50777800,2070766,153
-46.626050,-23.490905,355030870000073,RT MANDAQUI I - MASCULINO,,207080,0
-46.629255,-23.485813,355030870000111,MANDAQUI-CAPS ADULTO,69790923,2070804,0
-46.634993,-23.478254,355030851000172,RT MANDAQUI II- FEMININO,,207080B,0
-46.641158,-23.640075,355030838000089,ENESP EQUIPE NEFROLOGICA,50145000,2071282,0
-46.710763,-23.592355,355030854000001,DARCY VARGAS-HOSP INFANTIL / AMB HOSP,37222087,2071371,144
-46.626030,-23.511560,355030870000060,"LAURO RIBAS BRAGA,DR-PS (SANTANA)",62213682,2071495,0
-46.667722,-23.556454,355030845000171,"CORACAO,INSTITUTO,DO- HOSP INCOR",30695219,2071568,452
-46.735516,-23.632265,355030883000021,SENESP-SERV DE NEFROLOGIA DE SP,37712203,2071991,0
-46.641553,-23.556468,355030807000093,"ALFREDO VIEGAS,PROF-CEO",32414403,2072270,0
-46.448426,-23.532293,355030837000015,CLINICA LESTE-CLINICA NEFROLOGICA,62053888,2073471,0
-46.503148,-23.605480,355030876000043,TEOTONIO VILELA – NASF – UBS,67041383,2074079,0
-46.432914,-23.514694,355030874000035,V PROGRESSO-UBS,61352488,2075016,0
-46.576336,-23.485505,355030892000003,JD BRASIL - UBS,22014101,2075202,0
-46.576824,-23.516841,355030889000005,V MARIA BAIXA-PS,69544536,2075407,0
-46.479096,-23.610271,355030873000205,S MATEUS II-PA,69196018,2075423,0
-46.764642,-23.577587,355030867000061,"MARIO DEGNI,PROF(JD SARAH)- SDI/HOSP E MATER",37684900,2075717,81
-46.704747,-23.649638,355030871000013,STA CASA DE SANTO AMARO-HOSP,,2075962,132
-46.581745,-23.459600,355030839000019,S LUIZ GONZAGA – SAD – HOSP UNIV PESQ,69825200,2076896,148
-46.740303,-23.564487,355030812000020,UNIVERSITARIO (MEC MPAS) - HOSP,38127711,2076926,246
-46.531843,-23.559914,355030820000082,CASA DA CRIANCA BETINHO LAR ESPIRITA P/ EXCEPCIONAIS,67817366,2076985,89
-46.643341,-23.599452,355030877000179,AMPARO MATERNAL-HOSP/ AMB HOSP,55748277,2077388,82
-46.723432,-23.485951,355030863000003,CENTRO DE ATENCAO INTEGRADA SAUDE MENTAL P.PINEL - HOSP,39748917,2077418,136
-46.561359,-23.592989,355030893000019,V ALPINA-HOSPITAL (SECONCI),63182100,2077426,202
-46.727089,-23.484117,355030863000002,"JOSE SOARES HUNGRIA,DR – SDI - HOSP PIRITUBA",39747000,2077450,103
-46.608731,-23.596162,355030834000034,ANTONIO DE ALVARENGA-HOSP/ MAT,2741755,2077469,28
-46.460882,-23.553566,355030857000013,SANTA MARCELINA-HOSP,61706000,2077477,612
-46.643223,-23.597158,355030890000123,S PAULO-HOSP UNIFESP,55721922,2077485,753
-46.486654,-23.593967,355030873000062,GERAL DE S MATHEUS DR MANOEL BIFULCO-HOSP,61145148,2077493,265
-46.634413,-23.557328,355030849000109,BANDEIRANTES - HOSP,33452000,2077507,62
-46.611091,-23.583827,355030834000022,IPIRANGA-HOSP,2157799,2077523,235
-46.637252,-23.564671,355030849000056,A C CAMARGO - HOSP DO CANCER,32725000,2077531,193
-46.630600,-23.483763,355030870000111,MANDAQUI-HOSP,69593611,2077574,462
-46.599569,-23.547095,355030853000057,INST BRAS CONTROLE DE CANCER(IBCC)-HOSP/AMB H,,2077590,104
-46.760181,-23.486768,355030895000067,CASA DE SAUDE N SRA DE FATIMA-HOSP,39044500,2077612,140
-46.388373,-23.491742,355030836000109,GERAL ITAIM PAULISTA-HOSP,69636300,2077620,307
-46.444300,-23.530669,355030837000041,"WALDOMIRO DE PAULA,PROF – SDI – HOSP",69446355,2077639,185
-46.650931,-23.596601,355030832000003,ASSOC DE ASSIS A CRIANCA DEFEITUOSA - AACD,55760883,2077655,22
-46.690386,-23.728599,355030830000298,GERAL DE GRAJAU - HOSP,56619444,2077671,240
-46.588152,-23.535582,355030808000008,LEONOR MENDES DE BARROS-MATER/ AMB HOSP,66944987,2077701,131
-46.661309,-23.538846,355030826000093,SAMARIM ASSIST NEFROLOGICA,38215371,2077728,0
-46.596580,-23.593848,355030834000157,MONUMENTO-HOSP,2732277,2077752,50
-46.635463,-23.596351,355030890000056,CENTRO REFERENCIA DST/AIDS,50838780,2077957,50
-46.669891,-23.556094,355030845000125,CLINICAS DAS(FAC DE MED USP) - HOSP,2661000,2078015,1506
-46.639159,-23.555731,355030807000094,CENTRO DE REFERENCIA DA SAUDE DA MULHER- HOSP PEROLA B.,31055041,2078287,151
-46.646921,-23.559807,355030807000012,MENINO JESUS-HOSP INFANTIL,32535200,2078325,64
-46.615307,-23.472177,355030882000072,JOAO EVANGELISTA-HOSP,62033222,2078570,0
-46.621428,-23.565622,355030814000022,SANTA MARIA CRUZ AZUL - HOSP,33484000,2078589,14
-46.491096,-23.489373,355030828000097,V CISPER-UBS,25465100,2079070,0
-44.671580,-23.479782,355030813000142,"MARIO DE MORAES ALTENFELDER SILVA,DR,ESC – SDI/HOSP MAT",38594122,2079186,176
-46.405324,-23.551375,355030831000134,GERAL DE GUAIANAZES-HOSP JESUS T COSTA,8641110,2079240,263
-46.648704,-23.541966,355030826000077,ARNALDO V DE CARVALHO-INSTITUTO CANCER,2227088,2080125,69
-46.565873,-23.532816,355030880000026,"CARMINO CARICCHIO,DR-HOSP – SAD – SDI TATUAPE",61917000,2080346,374
-46.641253,-23.566943,355030807000074,BENEFICENCIA PORTUGUESA-HOSP,32535022,2080575,578
-46.439508,-23.496638,355030874000089,TIDE SETUBAL – HOSP – SAD – CDI,69568045,2080583,172
-46.500964,-23.542114,355030891000094,"ALEXANDRE ZAIO,DR – SDI – HOSP",67492855,2080788,42
-46.661309,-23.538846,355030826000093,SAMARITANO-HOSP,,2080818,13
-46.645012,-23.652993,355030838000337,"ARTHUR RIBEIRO DE SABOYA,DR – HOSP – SDI – CCI JABAQUARA",50115111,2081970,210
-46.717305,-23.443414,355030842000258,GERAL DE TAIPAS-HOSP KATIA DE SOUZA RODRIGUES,39730400,2082225,225
-46.632362,-23.596644,355030890000117,STA CRUZ-HOSP,50802000,2082624,4
-46.472507,-23.499140,355030828000052,"ALIPIO CORREA NETO,DR – HOSP – SAD – SDI",69439944,2082829,280
-46.722018,-23.537038,355030802000062,"JOAO CATARIN MEZOMO,PROF - PS – SDI LAPA",30224122,2082837,0
-46.513957,-23.587148,355030876000154,"BENEDICTO MONTE NEGRO,DR – HOSP – SDI",67218684,2084139,50
-46.589869,-23.571287,355030853000067,"IGNACIO PROENCA DE GOUVEA,DR – HOSP – SAD – SDI",61699923,2084473,90
-46.775085,-23.683041,355030843000126,JD  CAICARA-UBS,58334375,2086743,0
-46.674252,-23.578768,355030835000142,LAPA PINHEIROS - SUVIS,30731750,2086778,0
-46.598449,-23.551769,355030853000057,MOOCA-CRST,26047207,2086794,0
-46.505411,-23.550329,355030824000129,JD STA MARIA – ESF – UBS,67247004,2086808,0
-46.784861,-23.731257,355030843000272,JD VERA CRUZ-UBS,58997754,2086816,0
-46.651774,-23.584676,355030832000012,FUNDACAO ADIB JATENE-HOSP DANTE PAZZANESE,55491538,2088495,309
-46.584790,-23.551205,355030808000049,CANDIDO FONTOURA-HOSP INFANTIL/ PS ESPEC,66052026,2088517,104
-46.650807,-23.569926,355030890000211,EURYCLIDES DE JESUS ZERBINI - HOSP DE TRANSPLANTE,32849111,2088576,168
-46.669874,-23.556522,355030845000125,FUNDACAO PRO SANGUE - HEMOCENTRO DE SAO PAULO,30615444,2088789,0
-46.753829,-23.474711,355030895000116,CASA DE SAUDE  DE SAO JOAO DE DEUS,39041993,2089203,90
-46.650410,-23.552224,355030807000132,UNTR UNID DE NEFROLOGIA E TRANSPLANTE RENAL-CE,32555404,2089343,0
-46.642865,-23.595431,355030890000123,ASSOC CRUZ VERDE-HOSP,55797335,2089572,204
-46.644338,-23.573437,355030890000191,SEPACO - HOSP,30571291,2089602,2
-46.742226,-23.705018,355030846000242,CASA DE SAUDE N SRA CAMINHO-HOSP,55176100,2089637,96
-46.568600,-23.507376,355030889000043,NIPO BRASILEIRO SAO PAULO-HOSP,66332200,2089777,2
-46.645461,-23.596141,355030890000149,DO RIM E HIPERTENSAO (FUND OSWALDO RAMOS - HOSP,50878000,2089785,146
-46.626863,-23.487140,355030870000111,NEFROLOGIA/DIALISE/TRANSPLANTE-CLINICA,69773957,2090147,0
-46.705417,-23.655096,355030871000030,REGIONAL SUL-HOSP/ AMB HOSP,55226033,2091313,252
-46.606679,-23.487169,355030882000062,CENENORTE-CLINICA NEFROLOGICA,69497779,2091372,0
-46.620656,-23.531306,355030856000016,N SRA DO PARI-HOSP E MATERN,32286533,2091399,66
-46.650104,-23.569042,355030890000214,CENTRO DE HEMATOLOGIA DE S PAULO-CE,33726611,2091410,0
-46.691373,-23.544958,355030860000085,VILA MADALENA -CAPS ad,38621385,2091429,0
-46.737750,-23.566803,355030812000020,FACULDADE DE ODONTOLOGIA  USP,,2091453,0
-46.590372,-23.562673,355030853000032,INST CEMA DE OFTALMOLOGIA E OTORRINOLARINGOLOGIA,66024000,2091550,31
-46.608991,-23.595656,355030834000034,CENTRO OFTALMOLOGICO TADEU CVINTAL S/C LTDA,,2091577,30
-46.492584,-23.610550,355030876000172,AEPS DO SAPOPEMBA-HOSP GERAL,61118669,2091585,199
-46.645292,-23.599277,355030877000177,APAE SAO PAULO,50807005,2091593,0
-46.545351,-23.531254,355030859000079,CENUPE-CLINICA NEFROLOGICA,29429795,2091615,0
-46.711670,-23.728292,355030823000092,ESCOLA DR ANANIAS PEREIRA PORTO - CS UNISA,21418813,2091704,0
-46.663549,-23.508741,355030821000126,"WALTER ELIAS,DR - NISA – CEO – UBS CASA VERDE BAIXA",38588593,2091712,0
-46.580104,-23.435291,355030881000172,JD FONTALIS – ESF – UBS,69956257,2091720,0
-46.781040,-23.431151,355030803000094,MORADA DO SOL-UBS,39418845,2091739,0
-46.753258,-23.446363,355030842000038,ALPES DO JARAGUA-UBS,39411169,2091747,0
-46.694858,-23.484736,355030829000031,V PENTEADO DR JOSE PANGELLA-HOSP,39769911,2091755,208
-46.446369,-23.509507,355030887000107,SITIO DA CASA PINTADA - UBS,61530800,2091798,0
-46.637911,-23.587691,355030890000014,CENTRO DE ATENCAO INTEGRADA SAUDE MENTAL- CAISM,50877000,2688514,233
-46.568476,-23.430527,355030839000116,CASA DE DAVID - HOSP,64551133,2688522,265
-46.672076,-23.481183,355030813000142,"ALVARO DE SOUZA,DR(CACHOIRINHA)-HOSP",38595226,2688573,183
-46.635044,-23.564466,355030849000031,"SUELI ABUJAMRA,DRA - INSTITUTO",32092944,2688638,16
-46.605856,-23.583218,355030834000010,SANATORINHOS-CLINICA ESPECIALIZADA (CE),61631387,2688670,0
-46.648704,-23.541966,355030826000077,STA CASA DE SAO PAULO-HOSP CENTRAL,32267000,2688689,1190
-46.621428,-23.565622,355030814000022,CENED-CENTRO DE NEFRO/DIALISE LTDA,3484334,2698889,0
-46.658855,-23.673525,355030822000001,V JOANIZA-UBS,56220844,2751828,0
-46.473857,-23.494477,355030828000049,V PARANAGUA ERMELINO MATARAZZO - AE - CEO,69438044,2751836,0
-46.645846,-23.628113,355030877000121,ALEXANDRE KALIL – SDI – SAD – CER II/AE – AE - CEO  VILA MARIANA,22751999,2751844,0
-46.582361,-23.581804,355030893000064,V PRUDENTE – AE – APD – SDI,22731665,2751852,0
-46.608202,-23.587114,355030834000009,"FLAVIO GIANOTTI,DR – AE – CEO – SDI – URSI IPIRANGA",20630622,2751860,0
-46.693656,-23.499520,355030829000045,FREGUESIA DO O-AE,39315956,2751879,0
-46.704621,-23.722254,355030823000019,JD CLIPPER – AE – NIR – SADT – UBS,59285703,2751887,0
-46.434612,-23.553169,355030847000033,JOSE BONIFACIO IV – AE – NIR – SDI – CEO ITAQUERA,65232158,2751895,0
-46.685595,-23.755005,355030830000013,"MILTON ALDRED,DR – AE – NISA – SADT – CEO SOCORRO",59322015,2751909,0
-46.603666,-23.555510,355030853000023,"ITALO DOMIGOS LE VOCCI,DR – AE – NISA - URSI MOOCA",22929512,2751917,0
-46.659460,-23.695249,355030858000064,CESAR ANTUNES DA ROCHA – AE – CEI – SDI PEDREIRA,56115044,2751925,0
-46.550021,-23.526200,355030859000135,HOSPITAL-DIA DA REDE HORA CERTA – SDI - PENHA,20924845,2751933,0
-46.716684,-23.524112,355030848000054,FERNANDO RAMIREZ CRUZ – AE – NIR – NISA PQ LAPA,38652213,2751941,0
-46.492813,-23.611267,355030876000172,SAPOPEMBA – NIR – AE – CEO VILA PRUDENTE,29623480,2751968,0
-46.440472,-23.496403,355030874000093,TITO LOPES DA SILVA – AE – CEO – NIR – NISA,29569099,2751976,0
-46.612505,-23.482098,355030882000068,"ARMANDO DE AGUIAR PUPO,DR – AE – CER – APD CER – NISA – SDI",29526700,2751984,0
-46.487859,-23.505492,355030828000086,ERMELINO MATARAZZO - CAPS ADULTO,65466787,2751992,0
-46.446356,-23.492880,355030874000110,S MIGUEL PAULISTA-CAPS ADULTO,69568047,2752018,0
-46.694171,-23.489709,355030829000013,N SRA. DO O - CENTRO REF  DST/AIDS FREG DO O – SDI,39759473,2752026,0
-46.702149,-23.647690,355030871000098,SANTO AMARO-CRST,55235382,2752034,0
-46.636628,-23.547830,355030878000005,HENFIL-CTA  DST/AIDS,32412224,2752042,0
-46.727344,-23.485737,355030863000002,PIRITUBA-CTA DST/AIDS,39748569,2752050,0
-46.437232,-23.495572,355030874000094,S MIGUEL- CTA DST/AIDS,62976052,2752069,0
-46.638630,-23.566982,355030849000107,SERVIDOR PUBLICO MUNICIPAL - HOSP,32082211,2752077,83
-46.722018,-23.537038,355030802000062,LAPA-LABORATORIO MUNICIPAL,30212171,2752085,0
-46.722901,-23.771300,355030855000011,BALNEARIO SAO JOSE-PS,59797173,2752093,0
-46.701107,-23.645505,355030871000012,"JOSE SYLVIO DE CAMARGO,DR-PS (STO AMARO)",55231711,2752107,0
-46.470835,-23.553674,355030824000108,CIDADE LIDER II-SAE DST/AIDS,67480255,2752115,0
-46.505187,-23.511392,355030864000071,FIDELIS RIBEIRO- SAE DST/AIDS,66210217,2752123,0
-46.599364,-23.596552,355030834000055,JOSE FRANCISCO DE ARAUJO-SAE DST/AIDS IPIRANGA,22735073,2752131,0
-46.629047,-23.486076,355030870000111,MARCOS LOTEMBERG-SANTANA SAE DST/AIDS,69777739,2752158,0
-46.579509,-23.553466,355030801000122,AGUA RASA – UBS MOOCA,66052156,2752166,0
-46.595127,-23.536554,355030808000008,MARCUS WOLOSKER - CONS RUA ATIVIDADE/UBS – RUA EQUIPE – ESF – UBS BELENZINHO,62925687,2752174,0
-46.611643,-23.537638,355030810000017,MANOEL SALDIVA NETO - CONS RUA ATIVIDADE/UBS – RUA EQUIPE – ESF – NASF – UBS,62925453,2752182,0
-46.490063,-23.522787,355030864000052,BURGO PAULISTA – SDI – UBS,62800080,2752190,0
-46.520533,-23.504946,355030818000001,"CARLOS GENTILE MELO, DR – UBS – SDI CANGAIBA",66216523,2752204,0
-46.629994,-23.475452,355030851000030,"DOMINGOS M CILO,DR V AURORA-UBS",62322244,2752212,0
-46.516773,-23.499804,355030818000026,"JOSE PIRES,DR(ENG GOULART)-UBS",66217402,2752220,0
-46.559831,-23.588139,355030872000123,"HERMENEGILDO MORBIN JR,DR- JD INDEPENDENCIA UBS",62163746,2752239,0
-46.493347,-23.501684,355030828000090,HUMBERTO CERRUTI - SDI - UBS PQ. BOTURUSSU,29439991,2752247,0
-46.454974,-23.538945,355030837000019,ITAQUERA-UBS,62860015,2752255,0
-46.539564,-23.599363,355030872000050,JD GUAIRACA – UBS – SDI,61046100,2752263,0
-46.509798,-23.559758,355030824000147,JD ITAPEMA-UBS,67246146,2752271,0
-46.491950,-23.586723,355030873000133,JD TIETE II – SAD – UBS ,69195248,2752298,0
-46.684651,-23.587193,355030835000059,JOSE DE BARROS MAGALDI – ESF – PAI – UBS – CONS RUA ATIVIDADE – RUA EQUIPE,31686571,2752301,0
-46.491452,-23.537205,355030805000062,PQ ARTUR ALVIM – UBS – NIR,27494235,2752328,0
-46.651898,-23.531575,355030869000001,"HUMBERTO PASCALI,DR  STA CECILIA- CONS RUA EQUIPE/UBS – RUA ATIVIDADE/UBS – APD – ESF – PAI – UBS – URSI",38260096,2752336,0
-46.575142,-23.570175,355030801000007,DOMINGOS DELASCIO - UBS  - PAI – CEO II – CONS RUA ATIVIDADE V BERTIOGA,69561066,2752344,0
-46.524187,-23.552513,355030820000075,"VILA CARRAO - NIR DR. ADHEMAR MONTEIRO PACHECO, DR – NIR – CEO – SAD – UBS VILA CARRAO",67854728,2752352,0
-46.531535,-23.546069,355030820000011,"V NOVA MANCHESTER (ARLINDO GENNARI,DR)-UBS",22966943,2752360,0
-46.558620,-23.573518,355030801000090,V ORATORIO TITO P.MASCELANI – UBS,61012979,2752379,0
-46.560548,-23.548776,355030880000143,V SANTO ESTEVAO-CONS RUA ATIV/UBS – ESF – UBS,22960105,2752387,0
-46.700036,-23.498899,355030829000023,FREGUESIA DO O/BRASILANDIA - SUVIS,39354249,2752441,0
-46.698655,-23.634912,355030871000018,CHACARA STO ANTONIO-UBS,51817894,2765993,0
-46.662482,-23.696179,355030858000221,MAR PAULISTA – NASF – UBS,56125666,2766000,0
-46.397431,-23.530138,355030896000109,PRIMEIRO DE OUTUBRO – UBS – NASF,20358010,2766019,0
-46.726732,-23.495917,355030863000016,CASA AZUL-CAPS ad PIRITUBA,3835290,2766221,0
-46.501191,-23.609206,355030876000327,BETINHO - SAE DST/AIDS,67047095,2774755,0
-46.777063,-23.633714,355030817000050,CAMPO LIMPO-UBS FRANCISCO S. SOBRINHO,58419970,2774763,0
-46.406535,-23.586364,355030825000090,CIDADE TIRADENTES I - UBS,62820250,2774771,0
-46.456902,-23.561903,355030857000004,JD COPA – UBS – NASF,65245020,2774798,0
-46.748695,-23.445919,355030842000041,JD IPANEMA-UBS PEDRO RAVARA,39413457,2774801,0
-46.491812,-23.518051,355030864000015,JD TRES MARIAS-UBS DR. MAURICIO Z.,62804388,2774828,0
-46.723490,-23.485951,355030863000003,PIRITUBA/JARAGUA - CAPS ADULTO,39749122,2786508,0
-46.725940,-23.484420,355030863000002,RT PIRITUBA II - MASCULINO,,278650B,0
-46.740878,-23.473094,355030863000071,RT PIRITUBA/JARAGUA - FEMININO,,278650C,0
-46.718646,-23.581818,355030812000135,BUTANTA -CAPS ADULTO,37271819,2786516,0
-46.715847,-23.572219,355030812000042,RT BUTANTA - MASCULINO,,278651B,0
-46.698304,-23.558483,355030862000046,RT BUTANTA - MISTA,,278651C,0
-46.579713,-23.586491,355030893000142,V PRUDENTE-CAPS ADULTO,63470886,2786524,0
-46.582692,-23.572569,355030853000089,RT VILA PRUDENTE I - FEMININO,,278652B,0
-46.583009,-23.573094,355030853000089,RT VILA PRUDENTE II - MASCULINO,,278652C,0
-46.627859,-23.550525,355030878000003,CENTRO-CAPS ad,32415460,2786532,0
-46.778881,-23.714094,355030843000014,JD  ANGELA-CAPS ad,58832838,2786540,0
-46.690748,-23.633610,355030871000008,SANTO AMARO-CAPS ad,55232864,2786559,0
-46.479882,-23.485996,355030828000102,ERMELINO MATARAZZO-CAPS ad,29439276,2786567,0
-46.691868,-23.474897,355030811000126,BRASILANDIA-CAPS ADULTO,39218924,2786575,0
-46.689001,-23.473000,355030811000073,RT BRASILANDIA - MASCULINO,,278657B,0
-46.713261,-23.494090,355030863000081,PIRITUBA-CAPS ADULTO,39767581,2786583,0
-46.568666,-23.583419,355030893000037,V PRUDENTE-CECCO,62118131,2786591,0
-46.717141,-23.665967,355030879000027,PQ GUARAPIRANGA-CECCO,55151696,2786605,0
-46.637343,-23.639917,355030838000194,V GUARANI-CECCO,50113106,2786613,0
-46.670222,-23.697063,355030858000125,UMBERTO NASTARI-CEO PEDREIRA,56123024,2786621,0
-46.706472,-23.524737,355030848000008,LAPA -SAE DST/AIDS PAULO CESAR BONFIM,38322386,2786648,0
-46.700494,-23.656083,355030871000060,SANTO AMARO - CR DST/AIDS – SDI,56861613,2786656,0
-46.627859,-23.550525,355030878000003,ANDRE GRABOIS-CRST,32410418,2786664,0
-46.694334,-23.491071,355030829000002,FREGUESIA DO O-CRST,39763474,2786672,0
-46.748602,-23.648271,355030846000253,FERNANDO MAURO P DA ROCHA - HOSP CAMPO LIMPO – SAD – SDI,55195800,2786680,289
-46.743410,-23.565411,355030867000216,BUTANTA-SAE DST/AIDS E UAD,37681523,2786699,0
-46.641282,-23.531379,355030869000100,CAMPOS ELISEOS-CONS RUA ATIV – SAE DST/AIDS,33311216,2786702,0
-46.677204,-23.497724,355030850000009,"ADELAIDE LOPES,DONA-UBS V. CAROLINA",39368370,2786710,0
-46.475762,-23.538741,355030805000147,A E CARVALHO – ESF – UBS,62802373,2786729,0
-46.760226,-23.697405,355030843000091,ALTO RIVIEIRA -UBS,58331372,2786737,0
-46.772115,-23.645701,355030817000039,ALTO DO UMUARAMA-NASF-UBS,58163342,2786745,0
-46.499782,-23.546886,355030805000139,"ANTONIO P FERREIRA VILA LOBOS",DR-ESF,DR,67493521,2786753,0
-46.673488,-23.469869,355030811000109,"AUGUSTO L A GALVAO",DR- NASF,DR,38518235,2786761,0
-46.393025,-23.583376,355030825000196,BARRO BRANCO-UBS,69648826,2786788,0
-46.623145,-23.596913,355030890000089,C R HOMEOPATIA E MEDICINA TRADICIONAL,55712682,2786796,0
-46.691544,-23.470312,355030811000074,BRASILANDIA-UBS,39213830,2786818,0
-46.733746,-23.576598,355030812000007,BUTANTA – SAD – UBS,37261838,2786826,0
-46.622997,-23.569025,355030814000050,CAMBUCI-ESF-UBS,32093304,2786834,0
-46.763382,-23.636472,355030817000015,CAMPO LIMPO-UBS,58411871,2786842,0
-46.664166,-23.488745,355030821000074,CASA VERDE ALTA-UBS,38588592,2786869,0
-46.714514,-23.578630,355030812000059,NANCY ABRANCHES - UBS CAXINGUI,37216406,2786877,0
-46.724836,-23.493315,355030863000016,CHACARA INGLESA-SAD-UBS,38345985,2786885,0
-46.639972,-23.690579,355030822000253,CIDADE JULIA-UBS,56236669,2786893,0
-46.464835,-23.554316,355030824000120,CIDADE LIDER I-UBS,67480035,2786907,0
-46.433011,-23.504474,355030874000136,CIDADE NOVA SAO MIGUEL-NASF-UBS,61513560,2786915,0
-46.503068,-23.535668,355030891000088,CIDADE PATRIARCA-SAD-UBS,69581488,2786923,0
-46.452905,-23.612222,355030875000094,JD CONQUISTA I-UBS,22534573,2786931,0
-46.512704,-23.514631,355030864000119,COSTA MELLO-NASF-UBS,69582981,2786958,0
-46.661834,-23.647305,355030838000123,CUPECE-UBS DR. WALDOMIRO PREGNOLATO – ESF,55643079,2786966,0
-46.382562,-23.579922,355030825000289,DOM ANGELICO-UBS,65553894,2786974,0
-46.398862,-23.522490,355030884000158,DOM JOAO NERY-NASF-UBS,65614680,2786982,0
-46.699060,-23.923044,355030852000007,"LUCIANO BERGAMINI, DOM-UBS",59751057,2786990,0
-46.720918,-23.469815,355030863000119,DOMINGOS MANTELLI – ESF – UBS,39748389,2787008,0
-46.713901,-23.445946,355030842000192,ELISIO TEIXEIRA LEITE-NASF-UBS,39712572,2787024,0
-46.550313,-23.510474,355030859000191,"TRINDADE,ENG-UBS",66416973,2787032,0
-46.492738,-23.623076,355030876000323,FAZENDA DA JUTA I-NASF-UBS,69199334,2787040,0
-46.391308,-23.597447,355030825000284,FERROVIARIOS-UBS,62856477,2787059,0
-46.660602,-23.734112,355030830000121,GAIVOTAS-NASF-UBS,59326799,2787067,0
-46.457297,-23.579369,355030857000090,GLEBA DO PESSEGO-UBS VICENTE FIUZA DA COSTA,65223177,2787075,0
-46.409096,-23.542987,355030896000089,GUAIANAZES I -UBS,65578177,2787083,0
-46.507678,-23.600493,355030876000036,HELIO MOREIRA SALLES-UBS JD DOS EUCALIPTOS – NASF,67017933,2787091,0
-46.776754,-23.747177,355030843000308,HORIZONTE AZUL-NASF-UBS,55173860,2787105,0
-46.641553,-23.556468,355030807000093,HUMAITA-UBS DR. JOAO AZEVEDO LAGE – ESF/,32411632,2787113,0
-46.522494,-23.612501,355030876000141,IGUACU-NASF-UBS,21431097,2787121,0
-46.658644,-23.476153,355030813000150,ILZA WELTMAN HUTZLER DRA-UBS,39813127,2787148,0
-46.669143,-23.631377,355030815000006,MASSAKI UDIHARA (JD AEROPORTO)-UBS,55321152,2787156,0
-46.585621,-23.452484,355030881000088,JD APUANA-UBS,62434469,2787172,0
-46.653156,-23.709744,355030858000151,JD APURA -UBS,56730001,2787180,0
-46.769865,-23.718069,355030843000288,JD ARACATI-UBS,58961139,2787199,0
-46.417378,-23.536022,355030896000038,JD AURORA – SAD – UBS,61351671,2787202,0
-46.790896,-23.583292,355030865000052,JD BOA VISTA-UBS,37828380,2787210,0
-46.712124,-23.771107,355030855000005,JD CAMPINAS-SADT-UBS,55273589,2787229,0
-46.408536,-23.511853,355030884000192,JD CAMPOS – NASF – UBS,61354034,2787237,0
-46.789576,-23.730480,355030843000220,JD CAPELA-UBS,55170226,2787245,0
-46.686264,-23.741988,355030830000176,JD CASTRO ALVES-ESF-PAI-UBS,59712157,2787253,0
-46.720504,-23.477060,355030863000190,JD CID PIRITUBA-ESF-UBS,39727333,2787261,0
-46.762187,-23.678166,355030843000196,JD COIMBRA-UBS,58922327,2787288,0
-46.471633,-23.601362,355030873000081,JD COLONIAL-UBS,69190554,2787296,0
-46.779087,-23.671014,355030819000020,JD COMERCIAL-NASF-UBS,58734880,2787318,0
-46.774920,-23.575297,355030867000208,JD D'ABRIL-NASF-UBS,37824742,2787326,0
-46.462098,-23.512369,355030887000084,JD DAS CAMELIAS-UBS,61518788,2787334,0
-46.429597,-23.603342,355030833000055,JD DAS LARANJEIRAS-UBS,67317252,2787342,0
-46.379916,-23.494881,355030836000113,JD DAS OLIVEIRAS-UBS,69632415,2787350,0
-46.670598,-23.753251,355030830000114,JD ELIANE-ESF-UB-NASF-UBS,59315240,2787369,0
-46.421214,-23.529885,355030896000097,JD ETELVINA-UBS,61351756,2787377,0
-46.395555,-23.546737,355030896000120,JD FANGANIELO-UBS,65576698,2787385,0
-46.757092,-23.653552,355030819000352,JD GERMANIA-UBS,55111761,2787393,0
-46.700579,-23.492812,355030829000008,JD GUANABARA-NIR-APD-SAD-UBS,39752134,2787407,0
-46.690298,-23.461814,355030811000023,JD GUARANI-NASF-UBS,39215540,2787415,0
-46.787445,-23.691942,355030843000114,JD GUARUJA-UBS,58735089,2787423,0
-46.455845,-23.576490,355030857000043,JD HELIAN-ESF-UBS,65217615,2787431,0
-46.757038,-23.691596,355030843000141,JD HERCULANO-UBS,58326643,2787458,0
-46.696028,-23.465527,355030811000130,JD ICARAI (BRASILANDIA)-UBS,39218739,2787466,0
-46.704938,-23.743565,355030823000196,JD ICARAI I (QUINTANA)-UBS,59280272,2787474,0
-46.499481,-23.589591,355030873000182,JD IV CENTENARIO-UBS,67214249,2787482,0
-46.516140,-23.583678,355030804000076,JD IVA- ESF-UBS,62110884,2787490,0
-46.588562,-23.505151,355030889000149,JD JAPAO-SAD-UBS,29542851,2787504,0
-46.751259,-23.594344,355030894000034,JD JAQUELINE-UBS,37511665,2787512,0
-46.595688,-23.448588,355030881000135,JD JOAMAR-UBS,62048387,2787520,0
-46.759440,-23.688112,355030843000163,JD KAGOHARA-UBS,58340153,2787539,0
-46.493416,-23.481916,355030828000143,JD KERALUX-UBS,65466177,2787547,0
-46.673017,-23.460263,355030811000302,JD LADEIRA ROSA-UBS,38518818,2787555,0
-46.762163,-23.664866,355030819000089,JD LIDIA-NASF-UBS,55114428,2787563,0
-46.770652,-23.655166,355030819000080,JD MARCELO -  CER III- APD – UBS,58252279,2787571,0
-46.623059,-23.603332,355030827000127,V GUMERCINDO-UBS PROF. JANDIRA MANSUR,50627232,2787598,0
-46.643925,-23.678053,355030822000169,JD MIRIAM-UBS MANOEL S. OLIVEIRA,56227869,2787601,0
-46.695932,-23.771089,355030830000341,JD MIRNA-UBS,55262114,2787628,0
-46.780622,-23.641910,355030817000129,JD  MITSUTANI-ESF-NASF-SDI-UBS,58429292,2787636,0
-46.773193,-23.698470,355030843000050,JD NAKAMURA-UBS,58310892,2787644,0
-46.667627,-23.681896,355030822000323,JD NITEROI-NASF-UBS,56110122,2787652,0
-46.729127,-23.450292,355030842000045,JD PANAMERICANO- ESF-UBS,39411362,2787660,0
-46.708567,-23.461060,355030811000314,JD PAULISTANO-UBS,39722916,2787679,0
-46.491139,-23.506953,355030864000044,JD PENHA-UBS,65465867,2787687,0
-46.654242,-23.463714,355030813000228,JD PERI-UBS,62318771,2787695,0
-46.687124,-23.714602,355030823000070,JD REPUBLICA-APD-ESF-UBS,56635000,2787709,0
-46.417361,-23.526226,355030896000101,JD ROBRU-UBS (GUAIANASES),61351860,2787717,0
-46.411973,-23.520752,355030884000084,JD ROBRU-NASF-UBS,61352406,2787725,0
-46.439198,-23.596771,355030833000014,JD ROSELLI-UBS,67315143,2787741,0
-46.779105,-23.678650,355030819000054,JD S BENTO-NASF-UBS,58732681,2787768,0
-46.530048,-23.497050,355030818000082,JD S FRANCISCO-ESF-UBS,69572808,2787776,0
-46.783270,-23.592156,355030865000001,JD S JORGE-ESF-UBS,37813817,2787784,0
-46.479426,-23.525972,355030805000088,JD S NICOLAU-NASF-UBS,62802805,2787806,0
-46.704884,-23.817071,355030855000125,JD S NORBERTO-UBS,59208977,2787814,0
-46.492813,-23.611267,355030876000172,JD SAPOPEMBA-UBS,61196305,2787822,0
-46.586576,-23.618822,355030868000081,JD SECKLER-UBS,69468532,2787830,0
-46.408327,-23.499849,355030884000174,JD SILVIA TELES-NASF-UBS,65618034,2787849,0
-46.511171,-23.593128,355030876000333,JD SINHA-UBS,67213798,2787857,0
-46.503094,-23.571695,355030824000082,JD STA TEREZINHA-ESF-NASF-UBS,67211815,2787865,0
-46.442705,-23.631626,355030875000102,JD STO ANDRE-UBS,27514339,2787873,0
-46.494531,-23.598225,355030873000125,JD TIETE I – ESF/UBS – NASF – UBS,69623644,2787881,0
-46.684257,-23.769114,355030830000007,JD TRES CORACOES-UBS,59315969,2787903,0
-46.669299,-23.661623,355030822000144,JD UMUARAMA-UBS,55639070,2787911,0
-46.688593,-23.538231,355030860000037,JD VERA CRUZ-CONS.RUAATIV/UBS (PERDIZES) – UBS – PAI,36738552,2787938,0
-46.684441,-23.449865,355030811000178,JD VISTA ALEGRE-ESF-UBS,39831197,2787946,0
-46.491369,-23.489353,355030828000097,JD VITORIA-UBS,69642685,2787954,0
-46.580114,-23.474310,355030839000062,JACANA-NIR,62440065,2787962,0
-46.408168,-23.504400,355030884000197,JARAGUA-UBS,20618076,2787970,0
-46.397352,-23.515128,355030836000188,JD INDAIA-NASF-UBS,69632794,2787989,0
-46.702844,-23.728583,355030823000089,JORDANOPOLIS-UBS,59736400,2787997,0
-46.760716,-23.572294,355030867000164,"JOSE MARCILIO MALTA CARDOSO,DR-ESF,DR-UBS",37681569,2788004,0
-46.604677,-23.464419,355030882000111,CONJ IPESP JOSE TOLEDO PIZA - UBS,62030111,2788012,0
-46.487274,-23.622059,355030876000301,FAZENDA DA JUTA II-UBS,61119823,2788020,0
-46.628381,-23.703572,355030858000180,LARANJEIRAS - UBS,56736180,2788039,0
-46.641340,-23.474762,355030851000016,LAUSANE PAULISTA-ESF-UBS,62318619,2788047,0
-46.592646,-23.644407,355030868000098,LUIZ E MAZZONI-ESF-UBS,63319624,2788055,0
-46.690743,-23.553241,355030862000049,"MANOEL J PERA,DR-CONS RUA ATIV", DR,30329891,2788063,0
-46.684432,-23.472919,355030811000037,"MARIA CECILIA F DONNANGELO,PROFA-UBS – FREGUESIA – CEO",39217759,2788071,0
-46.627033,-23.714154,355030858000118,MATA VIRGEM-UBS,56734455,2788098,0
-46.645847,-23.628304,355030877000121,"MILTON SANTOS, PROF- UBS",25781831,2788101,0
-46.605140,-23.611558,355030868000226,MOINHO VELHO II-UBS,2736889,2788128,0
-46.712506,-23.494420,355030863000081,MOINHO VELHO I-UBS,39767601,2788136,0
-46.648857,-23.562163,355030807000030,ARMANDO DARIENZO-CONS. RUA EQUIPE- ESF – NASF – PAI – UBS N. SRA DO BRASIL,32844601,2788144,0
-46.485238,-23.591099,355030873000064,NOVE DE JULHO -UBS,29190200,2788152,0
-46.735974,-23.665889,355030846000045,NOVO JARDIM I-UBS,58922134,2788160,0
-46.435159,-23.526871,355030837000214,PARADA XV DE NOVEMBRO-UBS,62860017,2788179,0
-46.726870,-23.616256,355030883000034,PARAISOPOLIS-NASF-UBS,37445223,2788187,0
-46.620487,-23.525505,355030856000007,PARI - CONS RUA ATIV/UBS – ESF – PAI – UBS,32270081,2788195,0
-46.436015,-23.493689,355030874000105,PAULO FELDMAN (NITRO OPERARIA) – NASF – UBS,69566923,2788209,0
-46.794837,-23.601401,355030865000211,PAULO VI-ESF-NASF-UBS,37820838,2788217,0
-46.756881,-23.408918,355030861000019,PERUS-UBS,39170707,2788225,0
-46.787208,-23.430851,355030803000014,PQ ANHANGUERA - UBS,39166375,2788233,0
-46.758672,-23.488618,355030895000061,ANHANGUERA I -UBS – PIRITUBA – CEO,39048999,2788241,0
-46.749380,-23.637526,355030817000144,PQ ARARIBA-ESF-UBS – CAMPO LIMPO – CEO,55115573,2788268,0
-46.448270,-23.594489,355030833000003,PQ DA BOA ESPERANCA-UBS,67310669,2788276,0
-46.609987,-23.648697,355030868000186,PQ BRISTOL-ESF-UBS,63313089,2788284,0
-46.568585,-23.476599,355030892000110,PQ EDU CHAVES-UBS,62430052,2788306,0
-46.785683,-23.660664,355030819000263,PQ DO ENGENHO II-NASF II-UBS,58212274,2788314,0
-46.791828,-23.675312,355030819000344,PQ FERNANDA-NASF-UBS,58211632,2788322,0
-46.639529,-23.627897,355030877000118,PQ IMPERIAL-ESF-UBS,22760149,2788330,0
-46.576342,-23.517069,355030889000005,PQ NOVO MUNDO I-ESF I-UBS,69541747,2788349,0
-46.565487,-23.511436,355030889000017,PQ NOVO MUNDO II-ESF II-NASF II-UBS,69544580,2788357,0
-46.783715,-23.698944,355030843000023,PQ NOVO STO AMARO-UBS,58311448,2788365,0
-46.654057,-23.497448,355030821000001,PQ PERUCHE-UBS,38588303,2788373,0
-46.755233,-23.634069,355030817000095,PQ REGINA-NASF-UBS,58165561,2788381,0
-46.668441,-23.744501,355030830000233,PQ RES COCAIA INDEPENDENTE-UBS,59310209,2788403,0
-46.510233,-23.614844,355030876000351,SANTA MADALENA-UBS,27038426,2788411,0
-46.509419,-23.610050,355030876000060,JD PLANALTO-UBS IACAPE,67031198,2788438,0
-46.413210,-23.512525,355030884000186,PQ STA RITA-NASF-UBS,61353644,2788446,0
-46.755453,-23.656634,355030846000224,PQ STO ANTONIO-UBS-NASF-M’BOI MIRIM - CEO,55114249,2788454,0
-46.705295,-23.609426,355030854000061,"PAULO M ALBERNAZ F, DR - REAL PARQUE-ESF-UBS",37582329,2788470,0
-46.417482,-23.615510,355030833000111,RECANTO VERDE SOL-UBS,61343271,2788489,0
-46.520449,-23.604440,355030876000070,REUNIDAS II-UBS,61031356,2788497,0
-46.748242,-23.562617,355030867000042,"PAULO B BRANCO,DR(RIO PEQUENO)-UBS",37689460,2788500,0
-46.593417,-23.613340,355030868000251,SACOMA-ESF-UBS,2733537,2788519,0
-46.457302,-23.630863,355030875000151,SAO FRANCISCO – CEO – ESF – UBS,27516712,2788527,0
-46.483161,-23.598904,355030873000006,S MATEUS I - UBS,69191717,2788535,0
-46.608586,-23.590488,355030834000008,S VICENTE DE PAULA-PAI-UBS,2734592,2788543,0
-46.710820,-23.742904,355030823000191,"SERGIO CHADDAD,DR-UBS",59243636,2788551,0
-46.653925,-23.603931,355030832000037,"SIGMUND FREUD,DR-UBS II INDIANAPOLIS",50542851,2788578,0
-46.698956,-23.454234,355030811000373,SILMARYA REJANE MARCOLINO DE SOUZA – ESF – NASF – UBS,39211078,2788586,0
-46.655108,-23.486165,355030821000079,MASSAGISTA MARIO AMERICO - UBS,62391561,2788594,0
-46.458194,-23.492071,355030887000036,STA INES-NASF-UBS,62979669,2788608,0
-46.765667,-23.688703,355030843000133,STA LUCIA-UBS,58330788,2788616,0
-46.388881,-23.522284,355030896000187,STA LUZIA-UBS,65623532,2788624,0
-46.671045,-23.492659,355030850000043,V STA MARIA-NASF-UBS,39656035,2788632,0
-46.701438,-23.646948,355030871000012,SANTO AMARO-UBS SERGIO V BRAGA,56873367,2788640,0
-46.470226,-23.503504,355030887000133,"THERSIO VENTURA, DR-UBS",65451026,2788659,0
-46.717684,-23.434929,355030842000177,UNIAO DAS VILAS DE TAIPAS – NIR – ESF – SDI – UBS,39712432,2788667,0
-46.719668,-23.513577,355030848000089,V ANASTACIO-CONS RUA ATIV/UBS,38361146,2788675,0
-46.678803,-23.528532,355030860000121,JOSE S RIBEIRO (V ANGLO BRASILEIRO)-CONS RUA ATIV/UBS,36728401,2788683,0
-46.515396,-23.572685,355030804000003,V ANTONIETA-UBS,67253997,2788691,0
-46.670051,-23.690747,355030858000189,V APARECIDA-UBS,56129644,2788705,0
-46.588591,-23.633112,355030868000055,VILA  ARAPUA - UBS,69466660,2788713,0
-46.536027,-23.534317,355030891000113,V ARICANDUVA-UBS,22948853,2788721,0
-46.685959,-23.680111,355030816000008,V ARRIETE-UBS DECIO P. PEDROSO,56114046,2788748,0
-46.670111,-23.504804,355030850000062,V BARBOSA-ESF-UBS,39661302,2788756,0
-46.770013,-23.586843,355030865000104,V BORGES-UBS,37824739,2788764,0
-46.448219,-23.549185,355030837000178,V CARMOSINA-UBS,65247796,2788772,0
-46.407177,-23.538357,355030896000013,V CHABILANDIA-UBS,65579571,2788780,0
-46.664681,-23.672783,355030822000066,V CONSTANCIA-SDI-UBS VICENTE O. GUIDA,55626944,2788799,0
-46.421841,-23.502031,355030884000061,V CURUCA-NASF-UBS,61354311,2788802,0
-46.764239,-23.562371,355030867000039,"GUILHERME H PINTO COELHO,ENG V DALVA-ESF-UBS",37120704,2788810,0
-46.604422,-23.629079,355030868000033,V DAS MERCES-SAD-UBS,69461443,2788829,0
-46.661585,-23.464566,355030813000001,V DIONISIA-ESF-UBS,38517483,2788837,0
-46.590920,-23.490425,355030892000134,V EDE-UBS III,62024596,2788845,0
-46.667451,-23.480948,355030813000142,V ESPANHOLA-NASF-UBS,62392959,2788853,0
-46.527370,-23.526650,355030859000036,V ESPERANCA-PAI-UBS CASSIO BITTENCOURT FILHO,,2788861,0
-46.526054,-23.522081,355030859000020,"EMILIO SANTIAGO DE OLIVEIRA,DR-UBS V. ESPERANCA",29587502,2788888,0
-46.545915,-23.566679,355030885000006,V FORMOSA II – NASF – UBS,66745246,2788896,0
-46.552514,-23.560875,355030885000072,V FORMOSA - UBS (ANTONIO SILVEIRA E OLIVEIRA),66710888,2788918,0
-46.508335,-23.523064,355030859000067,V GRANADA-SAD-UBS ALFREDO F. PAULINO,69571194,2788926,0
-46.635644,-23.702631,355030858000070,V GUACURI-NASF-UBS,56740921,2788934,0
-46.527859,-23.579027,355030885000110,V GUARANI - UBS,69102958,2788942,0
-46.605055,-23.515717,355030886000029,VILA MARIA/ VILA GUILHERME – CEO – SID – UBS,29015883,2788950,0
-46.513933,-23.537243,355030891000031,V GUILHERMINA-NASF-UBS AMERICO RASPA NETO,66852124,2788969,0
-46.651288,-23.677002,355030822000042,V IMPERIO II- NASF – SAD – UBS GILDA TERRA TAHIRA,56246554,2788977,0
-46.700665,-23.531524,355030848000043,V IPOJUCA (WANDA C DE MORAES)-CONS RUA ATIV/UBS,36761394,2788985,0
-46.600559,-23.492830,355030886000065,V IZOLINA MAZZEI-UBS,62016586,2788993,0
-46.449464,-23.502081,355030887000072,V JACUI-PAI-SAD-UBS,62978709,2789000,0
-46.746095,-23.513602,355030840000003,V JAGUARA-UBS,36251775,2789019,0
-46.716065,-23.454991,355030863000164,V MAGGI-UBS,39721435,2789027,0
-46.745097,-23.495068,355030895000001,V MANGALOT-UBS,39069891,2789035,0
-46.527135,-23.536376,355030891000077,V MATILDE-UBS RUBENS DO VAL,66534391,2789043,0
-46.584769,-23.491895,355030892000121,V MEDEIROS-UBS,62022223,2789051,0
-46.649198,-23.688536,355030822000156,V MISSIONARIA-UBS,56122270,2789078,0
-46.611940,-23.633637,355030827000118,V MORAES-UBS JOAO BOTELHO VIEIRA,50580891,2789086,0
-46.442459,-23.533676,355030837000079,V N SRA APARECIDA-APD-NIR-NISA-UBS,61797871,2789094,0
-46.572139,-23.450982,355030839000083,V NOVA GALVAO (SONIA R CAMPANELLI)- ESF – UBS,62417366,2789108,0
-46.744260,-23.542420,355030841000058,V NOVA JAGUARE-CONS RUA ATIV/UBS – ESF-UBS,37681527,2789116,0
-46.509644,-23.578303,355030804000073,V NOVA YORK-ESF-UBS,67212707,2789124,0
-46.670704,-23.591938,355030832000099,MAX PERLMAN (V OLIMPIA)-UBS,38424849,2789132,0
-46.684871,-23.494362,355030829000076,V PALMEIRAS(V BANCARIA)-UBS,39318242,2789140,0
-46.680180,-23.466366,355030811000034,V PENTEADO-NASF-UBS,38518201,2789159,0
-46.713005,-23.487266,355030863000054,V PEREIRA BARRETO-UBS,39759019,2789167,0
-46.760927,-23.501676,355030840000021,V PIAUI-NASF-UBS,36214508,2789175,0
-46.746584,-23.481950,355030863000204,V PIRITUBA – ESF – UBS,39042509,2789183,0
-46.745285,-23.616614,355030883000063,"VITORIO R BOCCALETTI,DR-UBS (V PRAIA)",37429041,2789191,0
-46.753702,-23.647799,355030846000278,ANTONIO B DE OLIVEIRA – ESF- UBS VILA PREL,55111630,2789205,0
-46.703023,-23.476226,355030829000115,V PROGRESSO-UBS (JD MONTE ALEGRE),39922349,2789213,0
-46.506574,-23.617033,355030876000186,V RENATO-NASF-UBS,67030947,2789221,0
-46.694718,-23.528052,355030848000039,V ROMANA-CONS RUA ATIV/UBS – PAIS - UB,36720911,2789248,0
-46.734262,-23.597378,355030894000023,V SONIA -SDI – UBS,37429844,2789256,0
-46.695984,-23.458291,355030811000213,V TEREZINHA-UBS,39212380,2789264,0
-46.711049,-23.476515,355030863000213,V ZATT- UBS,39752116,2789272,0
-46.707563,-23.853765,355030855000099,VARGEM GRANDE-NASF-UBS,59212111,2789280,0
-46.684137,-23.786468,355030830000303,VARGINHA-NASF-UBS,55263988,2789299,0
-46.711078,-23.682616,355030879000007,VELEIROS-UBS,56816620,2789302,0
-46.423256,-23.560235,355030831000160,V COSMOPOLITA-NASF-UBS,65558583,2789310,0
-46.597310,-23.550412,355030853000057,MOOCA/ARICANDUVA - SUVIS,66920331,2789337,0
-46.671735,-23.557219,355030845000123,PSIQUIATRIA-INSTITUTO (HOSP CLINICAS),26616440,2812703,104
-46.760654,-23.639704,355030817000192,PQ IPE- CTA DST/AIDS,58428962,2815230,0
-46.745580,-23.671592,355030846000030,ZUMBI DOS PALMARES-UBS,58972564,2815273,0
-46.639499,-23.637082,355030838000140,JABAQUARA-CAPS ad,50111583,2815427,0
-46.634424,-23.629998,355030838000244,UAA JABAQUARA  - MASCULINO,,281542B,0
-46.492813,-23.611267,355030876000172,SAPOPEMBA-CAPS II ADULTO,61197080,2815435,0
-46.636324,-23.646358,355030838000148,CRIA CASINHA JABAQUARA-CAPS INFANTIL,50218005,2815443,0
-46.748702,-23.679004,355030846000125,PQ FIGUEIRA GRANDE-NASF-UBS,55146609,2815451,0
-46.454984,-23.490672,355030887000211,UNIAO VILA NOVA-UBS ADAO MANOEL DA SILVA,62974782,2819856,0
-46.754586,-23.676735,355030843000061,JD STA MARGARIDA-NASF-UBS,58925799,2825767,0
-46.618486,-23.508704,355030870000047,SISTEMA PENITENCI-RIO SAO PAULO - COMPLEXO HOSPITALAR,22212287,3001466,251
-46.780072,-23.692989,355030843000072,JD  PARANAPANEMA-UBS,58334282,3002543,0
-46.396326,-23.562924,355030831000105,"CELSO AUGUSTO DANIEL,PREF-NASF – PREF-UBS",65567997,3002926,0
-46.416369,-23.544807,355030831000085,ARTHUR BISPO DO ROSARIO- GUAIANASES CAPS ADULTO,29613240,3003167,0
-46.459734,-23.559060,355030857000072,STO ESTEVAO-NASF-UBS CARMOSINA,65230577,3004341,0
-46.597303,-23.550412,355030853000057,MOOCA-CECCO,66926323,3004775,0
-46.409444,-23.568023,355030825000009,CASA SER-MARIA AUXILIADORA LARA BARCELOS – SD,65557090,3008681,0
-46.404329,-23.602665,355030825000208,CIDADE TIRADENTES-CTA DST/AIDS,69640784,3009769,0
-46.700095,-23.560595,355030862000154,PINHEIROS - CAPS ad,38163959,3010201,0
-46.442895,-23.552507,355030847000096,PQ RAUL SEIXAS-CECCO,65213699,3010961,0
-46.392503,-23.541664,355030896000117,JD BANDEIRANTES-UBS,65575273,3016935,0
-46.396836,-23.500937,355030836000103,SERGIO AROUCA-CTA DST/AIDS,65613052,3024652,0
-46.486194,-23.598994,355030873000028,SAO MATEUS-CAPS ad,61198143,3025012,0
-46.638093,-23.643558,355030838000147,JABAQUARA-CAPS ADULTO,50127952,3025438,0
-46.644507,-23.648014,355030838000024,RT JABAQUARA - MASCULINO,,302543B,0
-46.626863,-23.487140,355030870000111,SAO CAMILO SANTANA - HOSP E MATERN,69728000,3039420,0
-46.755767,-23.405738,355030861000010,PERUS CASA VIVA - AE SM,39171031,3041530,0
-46.792838,-23.694929,355030843000040,CHACARA STA MARIA-UBS,58335262,3049213,0
-46.658281,-23.681766,355030822000052,JD SAO CARLOS-CID ADEMAR-UBS,56219200,3074544,0
-46.737938,-23.403315,355030861000051,PERUS-AE-NIRAE-SDI,39171263,3094340,0
-46.750228,-23.413288,355030861000057,RECANTO DOS HUMILDES-UBS,39156452,3105504,0
-46.600711,-23.607027,355030868000335,IPIRANGA - CAPS INFANTIL,69402200,3108368,0
-46.396397,-23.610905,355030825000232,GRAFICOS-NASF-UBS,62855685,3121135,0
-46.561784,-23.521684,355030889000081,JOSE STOROPOLLI - SAD/HOSP,69670103,3212130,0
-46.452307,-23.608385,355030833000073,JD DA CONQUISTA II – NASF – UBS,67353079,3219771,0
-46.489373,-23.590088,355030873000102,SAO MATEUS - CTA DST/AIDS,69190697,3219798,0
-46.489371,-23.590086,355030873000102,SAO MATEUS – SDI – CENTRO DIAGNOSTICO IMAGEM,69190697,3219852,0
-46.418760,-23.594432,355030833000213,CDHU PALANQUE - UBS,67353820,3219887,0
-46.627807,-23.550544,355030878000003,SUPERVISAO TECNICA DE SAUDE - SE,,3241-2454,0
-46.779268,-23.636919,355030817000050,CAMPO LIMPO - CECCO,58434843,3273997,0
-46.542660,-23.519460,355030859000124,UAA PENHA  - MASCULINO,,330456B,0
-46.596105,-23.548479,355030853000075,MOOCA - CAPS ad,66946364,3313344,0
-46.396925,-23.500976,355030836000103,JD  NELIA - CAPS ad,65618015,3314359,0
-46.589715,-23.418473,355030881000267,JD DAS PEDRAS – ESF – UBS,69922313,3323331,0
-46.674251,-23.578766,355030835000142,SUPERVISAO TECNICA DE SAUDE - LAPA PINHEIROS,,3333259,0
-46.413362,-23.544553,355030831000034,SUPERVISAO TECNICA DE SAUDE DE GUAIANASES,,33351186,0
-46.582361,-23.581804,355030893000064,V PRUDENTE-ESF-NASF-UBS,22725763,3359131,0
-46.532366,-23.534580,355030891000098,PENHA-CEO FERREIRA DO VALLE,66515123,3382613,0
-46.536488,-23.554624,355030820000039,ARICANDUVA/FORMOSA - CAPS ADULTO,,3384292,0
-46.565881,-23.556322,355030885000113,RT ARICANDUVA II - MASCULINO,,338429B,0
-46.566501,-23.555398,355030885000119,RT ARICANDUVA I - FEMININO,,338429C,0
-46.595504,-23.603258,355030834000134,ALMIRANTE DELAMARE – NASF – UBS,61628018,3385264,0
-46.472928,-23.493325,355030828000079,ACDEM - NIR,25411548,3420647,0
-46.801990,-23.437710,355030803000105,JD ROSINHA - UBS,39164100,3651770,0
-46.452307,-23.608385,355030833000073,JD CONQUISTA III-UBS,67342079,3738647,0
-46.531425,-23.513062,355030818000154,ZELIA LOPES MARINOVIC DORO VEREADORA - AMA,66470031,3738736,0
-46.640242,-23.595968,355030890000094,QUIXOTE - CAPS ad,55719476,3763072,0
-46.766519,-23.681962,355030843000176,RT M BOI MIRIM - FEMININO (CAPS ADULTO M BOI MIRIM),58335690,390638B,0
-46.658680,-23.521099,355030806000026,ALEXANDRE VRANJAC (ESCOLA BARRA FUNDA) - CS,32924501,3913007,0
-46.630870,-23.484349,355030870000111,ZONA NORTE - CENTRO DE ANALISES CLINICAS,,3996344,0
-46.534195,-23.569674,355030885000055,V FORMOSA I -PAI COMENDADOR JOSE GONCALEZ – UBS,62167583,4049799,0
-46.704339,-23.710184,355030823000169,CIDADE DUTRA - SAE DST/AIDS,56668301,4049802,0
-46.740777,-23.642548,355030846000286,V DAS BELEZAS – SDI – UBS DR. ALBERTO AMBROSIO,55114712,4049810,0
-46.715338,-23.650091,355030871000065,LGO TREZE DE MAIO-CAPS ADULTO,56866076,4049829,0
-46.710063,-23.649896,355030871000064,RT SANTO AMARO - MISTA,,404982B,0
-46.703567,-23.657106,355030871000060,SANTO AMARO-CAPS INFANTIL,56874511,4049837,0
-46.665042,-23.531684,355030806000020,PERDIZES-CAPS ADULTO DR. MANOEL MUNHOZ,36722000,4049845,0
-46.665042,-23.531684,355030806000020,RT PERDIZES - MISTA,,404984B,0
-46.469092,-23.624841,355030875000007,"ORA ROSEN,DRA (PQ S RAFAEL) - UBS",69195006,4049853,0
-46.747763,-23.688286,355030846000116,JD SOUZA-UBS,55146430,4049861,0
-46.647547,-23.771766,355030830000326,ALCINA PIMENTEL PIZA-UBS,59742289,4049896,0
-46.789594,-23.653044,355030819000295,JD MACEDONIA-PA-SDI,58211147,4049918,0
-46.487125,-23.552008,355030805000114,"JOSE ANCHIETA,PE-UBS",67421367,4049926,0
-46.429646,-23.547829,355030847000027,FRANCISCO A CESARONI(JD S PEDRO) – SAD – UBS,65578938,4049942,0
-46.444324,-23.553435,355030847000096,JOSE BONIFACIO II-UBS,65215625,4049950,0
-46.408548,-23.565628,355030825000001,"PRESTES MAIA,PREF-SAD-UBS",65552676,4049969,0
-46.702714,-23.483349,355030829000059,CRUZ DAS ALMAS-NASF-UBS,39753531,4049977,0
-46.602830,-23.468318,355030882000154,WAMBERTO DIAS COSTA -UBS,62038992,4049985,0
-46.505721,-23.517253,355030864000068,"MATHEUS SANTAMARIA,DR (JD POPULAR) – SAD – UBS",27916421,4049993,0
-46.483642,-23.502679,355030828000058,"PEDRO DE SOUZA CAMPOS,DR-NASF, DR-UBS MANGABEIRA",65464111,4050002,0
-46.415116,-23.545177,355030831000057,GUAIANAZES II-UBS,65578132,4050010,0
-46.458500,-23.529659,355030837000028,V REGINA-SAD-UBS,62056003,4050029,0
-46.463245,-23.626011,355030875000011,JD COLORADO(DR JOSE PIRES) – SAD – UBS,67542382,4050037,0
-46.398068,-23.553491,355030831000067,JD SOARES – NIR – ESF – NASF – UBS,25577022,4050045,0
-46.746592,-23.671269,355030846000030,CHACARA SANTANA-NASF-UBS,55146448,4050053,0
-46.458160,-23.626059,355030875000146,RIO CLARO-ESF-NASF-UBS,67515112,4050061,0
-46.491506,-23.554330,355030824000018,JD BRASILIA-SAD-UBS,67439476,4050088,0
-46.756017,-23.673519,355030846000163,JD THOMAS-NASF-UBS,55140345,4050118,0
-46.463514,-23.519997,355030837000149,"LUIZ AUGUSTO DE CAMPOS,DR-NASF, DR-UBS (V RAMOS)",61518861,4050126,0
-46.479676,-23.572403,355030857000047,N SRA DO CARMO-ESF-PAI-UBS,67480646,4050134,0
-46.438874,-23.540016,355030847000100,"LUCY UDAKIRI,DRA (JOSE BONIFACIO III) - UBS",69446086,4050142,0
-46.726602,-23.829632,355030855000022,PARELHEIROS-SAD-UBS,59208860,4050150,0
-46.737935,-23.403315,355030861000051,PERUS-PS,39171242,4050169,0
-46.404006,-23.579958,355030825000044,CASTRO ALVES-UBS,62820320,4050177,0
-46.738671,-23.681333,355030846000056,JD ALFREDO-UBS,55146355,4050185,0
-46.426226,-23.515708,355030884000089,V NOVA CURUCA-NASF-UBS,61352292,4050207,0
-46.445444,-23.524747,355030837000110,V SANTANA-ESF-UBS,61513962,4050215,0
-46.761473,-23.691547,355030843000411,PQ DO LAGO-UBS,55170045,4050223,0
-46.690197,-23.748368,355030830000098,"MARIA ANTONIETA FERREIRA DE BARROS,D-PS",59280345,4050282,0
-46.700748,-23.521995,355030848000107,LAPA-CAPS ADULTO,36755648,4050290,0
-46.716945,-23.521937,355030848000055,RT LAPA - FEMININO,,405029B,0
-46.434016,-23.554231,355030847000060,ITAQUERA - CAPS INFANTIL,65211162,4050304,0
-46.412487,-23.557468,355030831000169,JD S CARLOS – AE – GUAIANASES – CEO – JD S CARLOS – CEO – CER – SAD – SDI – UBS,25577021,4050312,0
-46.652528,-23.530772,355030869000010,"ALVARO DINO DE ALMEIDA,DR-PS BARRA FUNDA",38265666,4050320,0
-46.396064,-23.588073,355030825000084,CARLOS GENTILE DE MELO-NASF-UBS,62822522,4050347,0
-46.516140,-23.615705,355030876000195,PASTORAL-UBS,67030309,4050398,0
-46.532173,-23.603574,355030872000135,REUNIDAS I – NASF – UBS,61092844,4050401,0
-46.740970,-23.656291,355030846000194,JD CELESTE - UBS,58178387,5079454,0
-46.636549,-23.659608,355030838000156,JD LOURDES – NASF – UBS,50213432,5120780,0
-46.550415,-23.526151,355030859000135,MAURICE PATE - AMA,61975802,5268125,0
-46.753932,-23.463745,355030842000150,ALDEIA JARAGUA - KWARAY DJEKUPE-UBS,39413457,5357861,0
-46.633577,-23.593841,355030890000056,ADYR AMARAL GURGEL-CLINICA ODONTOLOGICA,55494449,5375711,0
-46.602550,-23.584050,355030834000146,VISCONDE DE ITAUNA -CEO,22727220,5380197,0
-46.403315,-23.596478,355030825000281,CARMEN PRUDENTE -  HOSPITAL CIDADE TIRADENTES – SAD,61706000,5420938,223
-46.735219,-23.628795,355030883000024,INSTITUTO DE REABILITACAO LUCY MONTORO,39058300,5451612,49
-46.627859,-23.550525,355030878000003,UNIDADE DIAGNOSTICO POR IMAGEM – SE – SDI ,31052742,5457963,0
-46.398526,-23.600739,355030825000286,CIDADE TIRADENTES – CEO – NIR,25161729,5468094,0
-46.594406,-23.596180,355030834000078,VILA CARIOCA - UBS,,5479517,0
-46.671273,-23.655083,355030822000316,CIDADE ADEMAR – PAI – URSI,56789364,5599881,0
-46.711828,-23.749142,355030823000236,CAPELA DO SOCORRO - CAPS ad,,5608678,0
-46.703823,-23.739557,355030823000189,UAA CAPELA II ) - MASCULINO,,560867B,0
-46.700693,-23.737122,355030823000153,UAA CAPELA I  - MASCULINO,,560867C,0
-46.704449,-23.709067,355030823000169,UAA CAPELA III  - FEMININA,,560867d,0
-46.792039,-23.666198,355030819000106,JARDIM MAGDALENA - UBS,58246020,5620341,0
-46.575031,-23.430922,355030881000193,JD FLOR DE MAIO - UBS,29956006,5621267,0
-46.639208,-23.598259,355030890000120,SANTA CRUZ - AMA,53390862,5662699,0
-46.470341,-23.506412,355030887000096,SAO MIGUEL - CAPS INFANTIL,22147364,5695791,0
-46.772212,-23.671188,355030819000014,JARDIM MARACA - UBS,58747421,5695813,0
-46.651352,-23.524329,355030869000043,BORACEA - AMA,33921854,5713870,0
-46.775158,-23.691629,355030843000084,M' BOI MIRIM – HOSP – SAD,58322500,5718368,224
-46.428686,-23.504320,355030884000142,ITAIM PAULISTA - CAPS ADULTO,20163696,5725437,0
-46.428686,-23.504320,355030884000142,RT ITAIM PAULISTA - MASCULINO (CAPS ADULTO ITAIM PAULISTA),20163696,572543B,0
-46.651288,-23.677002,355030822000042,V IMPERIO - UBS,56246554,5731143,0
-46.658327,-23.694190,355030858000064,CIDADE ADEMAR - CAPS ADULTO,56128313,5731194,0
-46.764276,-23.719939,355030843000299,CIDADE IPAVA – NASF – UBS,55171908,5743583,0
-46.408524,-23.543325,355030896000089,PLANTAS MEDICINAIS - CR,29610883,5841666,0
-46.459048,-23.525834,355030837000030,ITAQUERA - CAPS ad,37563011,5878675,0
-46.685406,-23.455938,355030811000091,JD ELISA MARIA - AMA,39810967,5882281,0
-46.469079,-23.522008,355030837000235,AGUIA DE HAIA - AMA,37563187,5883202,0
-46.597437,-23.513960,355030886000008,VILA MARIA/VILA GUILHERME - CECCO,29052135,5924316,0
-46.431785,-23.486749,355030844000107,PQ PAULISTANO - AMA,20259468,5963826,0
-46.627859,-23.550525,355030878000003,SE - CONS RUA ATIV – EQUIPE – NASF – UBS,,5975220,0
-46.761901,-23.662596,355030819000088,PARQUE MARIA HELENA - UBS,55108380,5992842,0
-46.743255,-23.879324,355030852000032,JD EMBURA – NASF – UBS,59752192,6018912,0
-46.694947,-23.849977,355030855000231,COLONIA - UBS,59773269,6018939,0
-46.771004,-23.640885,355030817000040,JARDIM HELGA - UBS,58422399,6039111,0
-46.651286,-23.524356,355030869000043,CONSULTORIO NA RUA – BORACEA – UBS,,6048633,0
-46.723624,-23.828021,355030855000021,PARELHEIROS - CAPS ADULTO,59212484,6066585,0
-46.722356,-23.829291,355030855000029,RT PARELHEIROS - MISTA,,606658B,0
-46.672943,-23.820998,355030830000327,CHACARA SANTO AMARO - UBS,59749922,6090591,0
-46.639666,-23.549916,355030866000044,REPUBLICA - CONSULTORIO NA RUA ATIV  - EQUIPE – NASF – UBS   ,31010812,6090621,0
-46.667533,-23.555666,355030845000171,INSTITUTO DO CANCER DO ESTADO DE SAO PAULO,,6123740,544
-46.627859,-23.550525,355030878000003,SE - CAPS INFANTIL,32410418,6127967,0
-46.613010,-23.554520,355030814000029,SE - / UAI,,612796B,0
-46.620245,-23.569943,355030814000018,SE -/ UAI,,612796C,0
-46.791828,-23.675312,355030819000344,PQ FERNANDA-AMA,58211632,6131662,0
-46.766027,-23.630816,355030817000009,JD PIRAJUSSARA-AMA,58436257,6131670,0
-46.753702,-23.647799,355030846000278,ANTONIO B DE OLIVEIRA - AMA VILA PREL,55111630,6131689,0
-46.659460,-23.695249,355030858000064,CESAR ANTUNES DA ROCHA-AMA (PEDREIRA),56115044,6133460,0
-46.643925,-23.678053,355030822000169,JD MIRIAM - AMA,56227869,6133479,0
-46.658855,-23.673525,355030822000001,JOAO YUNES - AMA,56220844,6133487,0
-46.647972,-23.696777,355030858000197,PQ DOROTEIA-AMA,55600890,6133495,0
-46.649178,-23.688526,355030822000156,V MISSIONARIA - AMA,56169636,6133509,0
-46.651288,-23.677002,355030822000042,V IMPERIO - AMA,56223899,6133517,0
-46.743017,-23.659403,355030846000093,JD S LUIZ-AMA,55111153,6133525,0
-46.608202,-23.587114,355030834000009,"IPIRANGA – AMA, FLAVIO GIANOTTI,DR-AMA",20630622,6133533,0
-46.738671,-23.681333,355030846000056,JD ALFREDO-AMA,55146355,6133541,0
-46.789576,-23.730480,355030843000220,JD CAPELA-AMA,55170226,6133576,0
-46.609987,-23.648697,355030868000186,PQ BRISTOL-AMA,63313089,6133584,0
-46.748702,-23.679004,355030846000125,PQ FIGUEIRA GRANDE-AMA,55146609,6133592,0
-46.783715,-23.698944,355030843000023,PQ NOVO STO AMARO-AMA,58311448,6133606,0
-46.755453,-23.656634,355030846000224,PQ STO ANTONIO-AMA,55114249,6133614,0
-46.593417,-23.613340,355030868000251,SACOMA-AMA,2733537,6133622,0
-46.611940,-23.633637,355030827000118,V MORAES-AMA JOAO BOTELHO VIEIRA,50580891,6133649,0
-46.430727,-23.542382,355030847000085,GUAIANAZES I - AMA,65578844,6135331,0
-46.404006,-23.579958,355030825000044,CASTRO ALVES-AMA,62820320,6135366,0
-46.464835,-23.554316,355030824000120,CIDADE LIDER I-AMA,67480035,6135404,0
-46.452307,-23.608385,355030833000073,JD CONQUISTA III-AMA,67342079,6135412,0
-46.493347,-23.501684,355030828000090,HUMBERTO CERRUTI-AMA PQ. BOTURUSSU,29439991,6135439,0
-46.383921,-23.510992,355030836000057,JD NELIA-AMA,69633802,6135447,0
-46.505721,-23.517253,355030864000068,"MATHEUS SANTAMARIA,DR (JD POPULAR) - AMA",27916421,6135463,0
-46.491812,-23.518051,355030864000015,JD TRES MARIAS-AMA DR. MAURICIO Z.,62804388,6135471,0
-46.579509,-23.553466,355030801000122,AGUA RASA-AMA,66052156,6135714,0
-46.440472,-23.496403,355030874000093,TITO LOPES DA SILVA - AMA,29569099,6135722,0
-46.472507,-23.499140,355030828000052,ERMELINO MATARAZZO - AMA,29439944,6135730,0
-46.575142,-23.570175,355030801000007,V BERTIOGA - AMA ESPECIALIDADES,69561066,6135749,0
-46.417847,-23.564540,355030825000239,FAZENDA DO CARMO - AMA,65567600,6135757,0
-46.408536,-23.511853,355030884000192,JD CAMPOS - AMA,61354034,6135811,0
-46.421214,-23.529885,355030896000097,JD ETELVINA-AMA,61351756,6135838,0
-46.712124,-23.771107,355030855000005,JD CAMPINAS-AMA,55273589,6135846,0
-46.442705,-23.631626,355030875000102,JD STO ANDRE-AMA,27514339,6135862,0
-46.391501,-23.487081,355030844000156,JD ROMANO-AMA,65813737,6135870,0
-46.429597,-23.603342,355030833000055,JD DAS LARANJEIRAS-AMA,67317252,6135889,0
-46.438874,-23.540016,355030847000100,"LUCY UDAKIRI,DRA (JOSE BONIFACIO III) - AMA",69446086,6135900,0
-46.435159,-23.526871,355030837000214,PARADA XV DE NOVEMBRO-AMA,62860017,6135919,0
-46.726602,-23.829632,355030855000022,PARELHEIROS-AMA,59208860,6135927,0
-46.620487,-23.525505,355030856000007,PARI - AMA,32270081,6135935,0
-46.444301,-23.530664,355030837000041,"WALDOMIRO DE PAULA,PROF - AMA",22860086,6135951,0
-46.398396,-23.565202,355030831000111,"JUSCELINO KUBITSCHEK,PRES-AMA",65554474,6135978,0
-46.419176,-23.478599,355030844000195,JD HELENA-AMA,65811661,6135994,0
-46.446369,-23.509507,355030887000107,SITIO DA CASA PINTADA -AMA,61530800,6136001,0
-46.388369,-23.491742,355030836000109,HOSPITAL -DIA DA REDE HORA CERTA - ITAIM PAULISTA,25683354,6136028,0
-46.448219,-23.549185,355030837000178,V CARMOSINA-AMA,65247796,6136036,0
-46.515396,-23.572685,355030804000003,V ANTONIETA-AMA,67253997,6136052,0
-46.524187,-23.552513,355030820000075,V CARRAO-AMA,67854728,6136060,0
-46.527859,-23.579027,355030885000110,V GUARANI - AMA,69102958,6136079,0
-46.509798,-23.559758,355030824000147,JD ITAPEMA -AMA,67246146,6136087,0
-46.558620,-23.573518,355030801000090,"V ORATORIO ""TITO P.MASCELANI"" - AMA",61012979,6136095,0
-46.494531,-23.598225,355030873000125,OSCAR PEREIRA DA SILVA  - AMA,69623644,6136109,0
-46.491506,-23.554330,355030824000018,JD BRASILIA-AMA,67439476,6136117,0
-46.379916,-23.494881,355030836000113,JD DAS OLIVEIRAS-AMA,69632415,6136125,0
-46.651898,-23.531575,355030869000001,"HUMBERTO PASCALI,DR STA CECILIA - AMA ESPECIALIDADES",38260096,6138314,0
-46.673017,-23.460263,355030811000302,JD LADEIRA ROSA-AMA,38518818,6141706,0
-46.702491,-23.462876,355030829000162,JD PAULISTANO-AMA,39722916,6141714,0
-46.684871,-23.494362,355030829000076,V PALMEIRAS(V BANCARIA)-AMA,39318242,6141730,0
-46.744260,-23.542420,355030841000058,V NOVA JAGUARE-AMA,37681527,6141749,0
-46.760927,-23.501676,355030840000021,V PIAUI-AMA,36214508,6141757,0
-46.500964,-23.542114,355030891000094,ALEXANDRE ZAIO-AMA,67492855,6143121,0
-46.520533,-23.504946,355030818000001,CANGAIBA-AMA DR. CARLOS GENTILE MELO,66216523,6143156,0
-46.479070,-23.531063,355030805000068,JD NORDESTE-AMA,62806211,6143164,0
-46.486454,-23.544372,355030805000008,"MANUEL DA NOBREGA,PE-AMA",67417296,6143172,0
-46.516773,-23.499804,355030818000026,"JOSE PIRES,DR(ENG GOULART)-AMA",66217402,6143180,0
-46.457302,-23.630870,355030875000151,S+O FRANCISCO II - AMA,27516712,6143202,0
-46.643606,-23.664546,355030838000108,AMERICANOPOLIS-AMA,55621476,6143237,0
-46.661825,-23.647281,355030838000123,CUPECE - AMA,,6143245,0
-46.637560,-23.651657,355030838000094,"GERALDO S FERREIRA,DR-AMA",55882366,6143261,0
-46.642993,-23.670825,355030822000166,V CLARA - AMA,56236883,6143288,0
-46.515914,-23.591570,355030876000082,JD GRIMALDI-AMA,22168076,6144039,0
-46.492813,-23.611267,355030876000172,SAPOPEMBA-AMA,29623480,6144055,0
-46.554629,-23.604588,355030893000124,V CALIFORNIA-AMA,69171117,6144098,0
-46.758672,-23.488618,355030895000061,ANHANGUERA - AMA,55483152,6146260,0
-46.734104,-23.441453,355030842000157,CITY JARAGUA - AMA,39472690,6146279,0
-46.713901,-23.445946,355030842000192,ELISIO TEIXEIRA LEITE- AMA,39712572,6146287,0
-46.589866,-23.571284,355030853000067,"IGNACIO PROENCA DE GOUVEA,DR - AMA",20699923,6146295,0
-46.565830,-23.531961,355030880000026,TATUAPE - AMA HOSPITAL TATUAPE,33947129,6146309,0
-46.787208,-23.430851,355030803000014,PQ ANHANGUERA - AMA,39166375,6146317,0
-46.737725,-23.488279,355030895000035,PQ MARIA DOMITILA - AMA,39034825,6146325,0
-46.756881,-23.408918,355030861000019,PERUS-AMA,39170707,6146333,0
-46.727089,-23.484117,355030863000002,"JOSE SOARES HUNGRIA,DR -  AMA PIRITUBA",39747000,6146341,0
-46.713005,-23.487266,355030863000054,V PEREIRA BARRETO-AMA,39759019,6146368,0
-46.654057,-23.497448,355030821000001,PQ PERUCHE-AMA ESPECIALIDADES,38589865,6148336,0
-46.654242,-23.463714,355030813000228,JD PERI-AMA,62318771,6148344,0
-46.641340,-23.474762,355030851000016,LAUSANE PAULISTA-AMA,62318619,6148352,0
-46.655108,-23.486165,355030821000079,MASSAGISTA MARIO AMERICO - AMA,62391561,6148360,0
-46.670111,-23.504804,355030850000062,V BARBOSA-AMA,39661302,6148379,0
-46.650227,-23.457675,355030813000104,CACHOEIRINHA - CAPS ad,22324770,6148387,0
-46.645380,-23.458740,355030851000123,UAA CACHOEIRINHA  - MASCULIINO,,614838B,0
-46.595741,-23.448567,355030881000135,JD JOAMAR - AMA,29915308,6148395,0
-46.602830,-23.468318,355030882000154,WAMBERTO DIAS COSTA - AMA,62038992,6148891,0
-46.686264,-23.741988,355030830000176,JD CASTRO ALVES-AMA,59712157,6149758,0
-46.704938,-23.743565,355030823000196,JD ICARAI - AMA,59280272,6149774,0
-46.695932,-23.771089,355030830000341,JD MIRNA-AMA,55262114,6149790,0
-46.731959,-23.586132,355030812000104,JD PERI PERI-AMA,37420552,6156959,0
-46.783270,-23.592156,355030865000001,JD S JORGE-AMA,37813817,6156967,0
-46.794837,-23.601401,355030865000211,PAULO VI-AMA,37820838,6157025,0
-46.734262,-23.597378,355030894000023,V SONIA - AMA,37429844,6157114,0
-46.509202,-23.621178,355030876000240,HUMBERTO GASTAO BODRA - AMA JD. ELBA,67043491,6158463,0
-46.559831,-23.588139,355030872000123,"HERMENEGILDO MORBIN JR,DR- JD INDEPENDENCIA AMA",62163746,6158471,0
-46.605055,-23.515717,355030886000029,V GUILHERME- AMA,69015883,6160794,0
-46.584769,-23.491895,355030892000121,V MEDEIROS- AMA,62022223,6160816,0
-46.576336,-23.485505,355030892000003,JD BRASIL- AMA,22014101,6160824,0
-46.748695,-23.445919,355030842000041,JD IPANEMA - AMA PEDRO RAVARA,39413457,6160832,0
-46.645012,-23.652993,355030838000337,"ARTHUR RIBEIRO SABOYA,DR-AMA (JABAQUARA)",50135461,6165478,0
-46.650010,-23.659805,355030838000034,V CAMPESTRE – NASF – UBS,50114278,6165516,0
-46.709954,-23.641851,355030871000035,SANTO AMARO - URSI,55483152,6167403,0
-46.773393,-23.673297,355030819000016,CAPAO REDONDO - AMA ESPECIALIDADES,58742846,6194974,0
-46.531425,-23.513062,355030818000154,CHACARA CRUZEIRO DO SUL - UBS,66470031,6194990,0
-46.789484,-23.652956,355030819000295,JD MACEDONIA - UBS,58236158,6195008,0
-46.743017,-23.659403,355030846000093,JD SAO LUIS - AMA ESPECIALIDADES – APOIO DIAG,55111153,6200389,0
-46.773393,-23.673297,355030819000016,CAPAO REDONDO - AMA,58742846,6218830,0
-46.588591,-23.633112,355030868000055,VILA ARAPUA - CAPS ad IPIRANGA,69466660,6245838,0
-46.395525,-23.507804,355030836000100,ATUALPA GIRAO RABELO – DR-ESF – DR-UBS ,69631436,6269567,0
-46.654849,-23.486085,355030821000079,CASA VERDE - CAPS ADULTO,38583579,6280161,0
-46.672583,-23.780111,355030830000481,CHACARA DO SOL - UBS,59314151,6280188,0
-46.431785,-23.486749,355030844000107,PQ PAULISTANO - UBS,20259468,6283616,0
-46.651378,-23.523016,355030869000043,AMBULATORIO MULTI PROF CRIANCA ADOLESCENTE - PROGRAMA EQUILIBRIO,33925624,6292194,0
-46.751633,-23.622934,355030817000137,JD DAS PALMAS - UBS,58438340,6329527,0
-46.698479,-23.495579,355030829000006,FREGUESIA BRASILANDIA - CAPS INFANTIL,39322683,6330843,0
-46.652604,-23.870750,355030855000312,BARRAGEM - UBS,59773212,6332420,0
-46.751551,-23.868640,355030855000120,JD DAS FONTES - UBS,59752538,6332439,0
-46.714272,-23.831937,355030855000074,JD SANTA FE - UBS,59223053,6332447,0
-46.714580,-23.852083,355030855000055,JD SILVEIRA - UBS,59215294,6332463,0
-46.744384,-23.865987,355030855000247,MARSILAC - UBS,59752281,6332471,0
-46.677104,-23.868692,355030855000115,NOVA AMERICA - UBS,59773507,6332498,0
-46.719643,-23.785307,355030855000168,VILA MARCELO - UBS,59798972,6332501,0
-46.735897,-23.840213,355030855000040,VILA ROSCHEL - UBS,59202604,6332528,0
-46.598841,-23.531102,355030808000018,ZONA LESTE - CENTRO DE ANALISES CLINICAS,,6335586,0
-46.622463,-23.498445,355030870000022,SANTANA - CAPS ad,29500803,6336302,0
-46.612106,-23.481357,355030882000041,UAA SANTANA I  - MASCULINO,,633630B,0
-46.633217,-23.499184,355030870000030,UAA SANTANA II - MASCULINO,,633630C,0
-46.696838,-23.659600,355030816000098,ZONA SUL - CENTRO DE ANALISES CLINICAS,,6351662,0
-46.604422,-23.629079,355030868000033,V DAS MERCES- AMA ESPECIALIDADES,69461443,6357083,0
-46.440474,-23.496401,355030874000093,LESTE - CRST,29569099,6357091,0
-46.644829,-23.598484,355030890000165,PROGRAMA DE ORIENTACAO ATEND DEPENDENTES - PROAD CAPS,55791543,6357105,0
-46.704938,-23.743565,355030823000196,JD ICARAI I (QUINTANA) -AMA ESPECIALIDADES – SADT,59280272,6360890,0
-46.785231,-23.653152,355030819000150,JD ELEDY - UBS,,6365817,0
-46.751334,-23.399045,355030861000087,VILA CAIUBA – NASF – UBS,39936844,6377742,0
-46.774783,-23.657315,355030819000246,JD VALQUIRIA- NASF – UBS,,6380417,0
-46.528075,-23.538952,355030891000110,PENHA - CAPS INFANTIL,29586853,6387640,0
-46.491950,-23.586723,355030873000133,JD TIETE II - AMA ESPECIALIDADES,29195248,6391869,0
-46.710942,-23.476568,355030863000213,VILA ZATT - AMA ESPECIALIDADES,39752116,6391885,0
-46.757991,-23.408249,355030861000009,PERUS - AMA ESPECIALIDADES,29014606,6391893,0
-46.516062,-23.595440,355030876000081,SAPOPEMBA - CAPS ad,,6393411,0
-46.490063,-23.522787,355030864000052,BURGO PAULISTA -AMA ESPECIALIDADES – APOIO DIAG,22800080,6393608,0
-46.454974,-23.538945,355030837000019,ITAQUERA-AMA ESPECIALIDADES,62860015,6394558,0
-46.469079,-23.522008,355030837000235,AGUIA DE HAIA - UBS,37563187,6408168,0
-46.664681,-23.672783,355030822000066,V CONSTANCIA -AMA ESPECIALIDADES – APOIO DIAGNOSTICO,55626944,6415415,0
-46.412961,-23.543890,355030831000035,GUAIANASES - CAPS ad,25532240,6416691,0
-46.681892,-23.671108,355030816000026,JD DOS PRADOS - AME AMB MED ESPEC,56332491,6423086,0
-46.691259,-23.702945,355030823000140,INTERLAGOS - AMB MED ESPEC,56682500,6432530,0
-46.600559,-23.492830,355030886000065,V IZOLINA MAZZEI-AMA ESPECIALIDADES – DIAGNOSTICO,22016586,6451055,0
-46.592704,-23.606818,355030868000236,LUIZ B BARATA HELIOPOLIS - AE,,6479200,0
-46.627105,-23.511912,355030870000060,ZOONOSES E DOENCAS TRANSMISSIVEIS POR VETORES - LAB,,6511848,0
-46.683914,-23.628839,355030815000046,SANTO AMARO - CER III – APD,,6516998,0
-46.718678,-23.617574,355030883000160,PARAISOPOLIS - NASF - UBS,,6564410,0
-46.586877,-23.515417,355030889000163,VILA MARIA - AME DE PSIQUIATRIA,,6578578,0
-46.598345,-23.601614,355030868000345,UNAD-UNIDADE DE ATENDIMENTO AO DEPENDENTE,22192542,6585019,80
-46.598275,-23.598200,355030834000080,SACOMA - CAPS ad,,6586147,0
-46.503551,-23.490014,355030818000113,VILA SILVIA - AMA,,6592848,0
-46.503551,-23.490014,355030818000113,VILA SILVIA – SDI – UBS,,6592899,0
-46.586069,-23.507339,355030889000065,VILA MARIA/VILA GUILHERME - CAPS INFANTIL,,6626327,0
-46.717470,-23.770029,355030855000015,PARELHEIROS – NIR – APD,,6642470,0
-46.660855,-23.693887,355030858000073,CIDADE ADEMAR - CAPS INFANTIL,56154400,6646581,0
-46.761374,-23.691954,355030843000411,M' BOI MIRIM - CER IV,,6657141,0
-46.700505,-23.773889,355030830000331,CAPELA DO SOCORRO - CAPS INFANTIL,,6657184,0
-46.692037,-23.469045,355030811000075,FREGUESIA/BRASILANDIA - CAPS ad,29439991,6668127,0
-46.692037,-23.469045,355030811000075,UAA BRASILANDIA I - MISTA,,666812B,0
-46.693850,-23.469566,355030811000128,UAA BRASILANDIA II - MISTA,,666812C,0
-46.727089,-23.484117,355030863000002,PIRITUBA – AE – NISA,39747000,6670849,0
-46.730615,-23.824279,355030855000018,PARELHEIROS - CAPS INFANTIL,,6683983,0
-46.656674,-23.689678,355030858000079,JD SELMA - UBS (CIDADE ADEMAR),56111641,6683991,0
-46.657993,-23.467198,355030813000028,CASA VERDE CACHOEIRINHA LIMAO - CAPS INFANTIL – PAI,,6700268,0
-46.718678,-23.617574,355030883000160,PARAISOPOLIS - AMA,,6728626,0
-46.505087,-23.618810,355030876000236,SAPOPEMBA - CAPS INFANTIL,27025899,6759971,0
-46.539564,-23.599363,355030872000050,JD GUAIRACA - AMA ESPECIALIDADES,,6759998,0
-46.700848,-23.774554,355030830000331,JD NOVO HORIZONTE - UBS,,6822991,0
-46.447991,-23.487565,355030874000134,JD LAPENNA - UBS,,6873286,0
-46.718678,-23.617574,355030883000160,PARAISOPOLIS - CAPS ADULTO III,,6879799,0
-46.743142,-23.614170,355030894000190,RT CAMPO LIMPO II - MISTA,,687979B,0
-46.418253,-23.583288,355030847000188,CIDADE TIRADENTES - CAPS ADULTO,,6879802,0
-46.709942,-23.454427,355030811000201,NOVA ESPERANCA - UBS (PAULISTANO II),,6879810,0
-46.610841,-23.581727,355030834000044,VILA MONUMENTO - CAPS ADULTO,,6924972,0
-46.592704,-23.606818,355030868000236,SERVICO ESTADUAL DIAGNOSTICO POR IMAGEM,20653150,6926207,0
-46.459987,-23.556400,355030857000076,SANTA MARCELINA - AMA,20706203,6926622,0
-46.639001,-23.573453,355030890000161,SERVICO ESTADUAL DE DIAGNOSTICO POR IMAGEM III SEDI III,50887900,6927726,0
-46.693556,-23.505513,355030829000122,FREGUESIA DO O BRASILANDIA – NIR – APD,39316744,6930980,0
-46.751136,-23.400609,355030861000012,PERUS - CAPS INFANTIL,39193896,6931979,0
-46.479007,-23.567088,355030824000143,CIDADE LIDER - CAPS INFANTIL,,6954189,0
-46.415442,-23.544386,355030831000057,GUAIANASES - CAPS INFANTIL,8410070,6954197,0
-46.633950,-23.523893,355030809000018,COMPLEXO PRATES - AMA,,6964028,0
-46.746442,-23.701368,355030846000244,M' BOI MIRIM - CAPS INFANTIL,,6970532,0
-46.549700,-23.527660,355030859000116,SANTO ANTONIO - HOSPITAL,,6984649,203
-46.766027,-23.630816,355030817000009,JD PIRAJUSSARA-AMA ESPECIALIDADES,58436257,6998178,0
-46.707003,-23.763328,355030830000350,VILA NATAL - UBS,,6998186,0
-46.700788,-23.523667,355030848000002,LAPA SOROCABANA - HORA CERTA,38629197,6998194,0
-46.700788,-23.523667,355030848000002,SOROCABANA - AMA,38793090,6998208,0
-46.453483,-23.498231,355030887000069,S+O MIGUEL - CAPS ad,,7024231,0
-46.597303,-23.550412,355030853000057,CTA DST/AIDS - MOOCA,26943338,7045212,0
-46.415883,-23.543696,355030831000104,GUAIANASES - CTA DST/AIDS,25545312,7047568,0
-46.645846,-23.628113,355030877000121,SAE DST/AIDS - CECI,,7079648,0
-46.627859,-23.550525,355030878000003,SE - CAPS ADULTO,,7111568,0
-46.403865,-23.497983,355030836000230,ITAIM PAULISTA - CAPS INFANTIL,25712254,7128924,0
-46.663617,-23.653809,355030838000172,GUARANI/ CANAA - UBS,,7136617,0
-46.582361,-23.581804,355030893000064,VILA PRUDENTE - SAE DST/AIDS,22742523,7136625,0
-46.385059,-23.503328,355030836000001,JD CAMARGO NOVO-CER II,29632610,7403496,0
-46.481445,-23.497115,355030828000001,LAR VICENTINO - NIR,25465682,9901411,0
-46.466160,-23.482730,355030887000156,CREN VILA JACUI,,P001,0
-46.639808,-23.607482,355030877000072,CREN VILA MARIANA,,P002,0
